Workbook

Sheet Master Data
A1: India National Power Portal — Monthly Coal Report | Master Dataset | April 2023 – January 2026 | Quantities in '000 Tonnes
A2: IDENTIFICATION | E2: CAPACITY | F2: COAL RECEIPTS ('000 Tonnes) | L2: OFFTAKE ('000 Tonnes) | N2: STOCK POSITION
A3: Period | B3: Region | C3: Plant / TPS Name | D3: State | E3: Installed MW | F3: CIL | G3: SCCL | H3: Captive Mines | I3: E-Auction | J3: Import | K3: Others | L3: Total Receipt | M3: Total Consumption | N3: Closing Stocks | O3: Stock Cover (Days)
A4: April 2023 | B4: Eastern | C4: BAKRESWAR TPS | D4: =VLOOKUP(C4,'State Key'!$A$2:$B$210,2,False) -> West Bengal | E4: 1050 | F4: 3.6555 | G4: 0 | H4: 384.404 | I4: 0 | J4: 0 | K4: 0 | L4: 388.0595 | M4: 406.608 | N4: 88.44 | O4: 6.5 | P4: =SUM(F4:K4) -> 388.0595
A5: April 2023 | B5: Eastern | C5: BANDEL TPS | D5: =VLOOKUP(C5,'State Key'!$A$2:$B$210,2,False) -> West Bengal | E5: 270 | F5: 7.938 | G5: 0 | H5: 104.837 | I5: 0 | J5: 0 | K5: 0 | L5: 112.775 | M5: 113.598 | N5: 21.16 | O5: 5.6 | P5: =SUM(F5:K5) -> 112.775
A6: April 2023 | B6: Eastern | C6: BARAUNI TPS | D6: =VLOOKUP(C6,'State Key'!$A$2:$B$210,2,False) -> Bihar | E6: 710 | F6: 3.72 | G6: 0 | H6: 249.46 | I6: 0 | J6: 0 | K6: 0 | L6: 253.18 | M6: 236.258 | N6: 73.143 | O6: 9.3 | P6: =SUM(F6:K6) -> 253.18
A7: April 2023 | B7: Eastern | C7: BARH STPS | D7: =VLOOKUP(C7,'State Key'!$A$2:$B$210,2,False) -> Bihar | E7: 2640 | F7: 521.02 | G7: 0 | H7: 64.67 | I7: 15.905 | J7: 0 | K7: 0 | L7: 601.595 | M7: 791.713 | N7: 249.5 | O7: 9.5 | P7: =SUM(F7:K7) -> 601.595
A8: April 2023 | B8: Eastern | C8: BOKARO TPS `A` EXP | D8: =VLOOKUP(C8,'State Key'!$A$2:$B$210,2,False) -> Jharkhand | E8: 500 | F8: 202.264 | G8: 0 | H8: 0 | I8: 0 | J8: 0 | K8: 0 | L8: 202.264 | M8: 198.583 | N8: 152.13 | O8: 23 | P8: =SUM(F8:K8) -> 202.264
A9: April 2023 | B9: Eastern | C9: BUDGE BUDGE TPS | D9: =VLOOKUP(C9,'State Key'!$A$2:$B$210,2,False) -> West Bengal | E9: 750 | F9: 86.746 | G9: 0 | H9: 157.708 | I9: 0 | J9: 0 | K9: 93.864 | L9: 338.318 | M9: 302.961 | N9: 351.57 | O9: 34.8 | P9: =SUM(F9:K9) -> 338.318
A10: April 2023 | B10: Eastern | C10: CHANDRAPURA(DVC) TPS | D10: =VLOOKUP(C10,'State Key'!$A$2:$B$210,2,False) -> Jharkhand | E10: 500 | F10: 72.808 | G10: 0 | H10: 0 | I10: 0 | J10: 0 | K10: 0 | L10: 72.808 | M10: 114.099 | N10: 179.61 | O10: 47.2 | P10: =SUM(F10:K10) -> 72.808
A11: April 2023 | B11: Eastern | C11: D.P.L. TPS | D11: =VLOOKUP(C11,'State Key'!$A$2:$B$210,2,False) -> West Bengal | E11: 550 | F11: 112.88 | G11: 0 | H11: 91.353 | I11: 0 | J11: 0 | K11: 0 | L11: 204.233 | M11: 184.06 | N11: 25.44 | O11: 4.1 | P11: =SUM(F11:K11) -> 204.233
A12: April 2023 | B12: Eastern | C12: DARLIPALI STPS | D12: =VLOOKUP(C12,'State Key'!$A$2:$B$210,2,False) -> Odisha | E12: 1600 | F12: 0.12 | G12: 0 | H12: 863.46 | I12: 0 | J12: 0 | K12: 0 | L12: 863.58 | M12: 777.588 | N12: 456.5 | O12: 17.6 | P12: =SUM(F12:K12) -> 863.58
A13: April 2023 | B13: Eastern | C13: DERANG TPP | D13: =VLOOKUP(C13,'State Key'!$A$2:$B$210,2,False) -> Odisha | E13: 1200 | F13: 347.621 | G13: 0 | H13: 0 | I13: 0 | J13: 0 | K13: 141.197 | L13: 488.818 | M13: 407.18 | N13: 599.16 | O13: 44.1 | P13: =SUM(F13:K13) -> 488.818
A14: April 2023 | B14: Eastern | C14: DISHERGARH TPP | D14: =VLOOKUP(C14,'State Key'!$A$2:$B$210,2,False) -> West Bengal | E14: 12 | F14: 6.43 | G14: 0 | H14: 0 | I14: 0 | J14: 0 | K14: 0 | L14: 6.43 | M14: 6.56 | N14: 4.43 | O14: 20.3 | P14: =SUM(F14:K14) -> 6.43
A15: April 2023 | B15: Eastern | C15: DURGAPUR STEEL TPS | D15: =VLOOKUP(C15,'State Key'!$A$2:$B$210,2,False) -> West Bengal | E15: 1000 | F15: 377.184 | G15: 4.096 | H15: 0 | I15: 32.394 | J15: 0 | K15: 0 | L15: 413.674 | M15: 402.126 | N15: 105.1 | O15: 7.8 | P15: =SUM(F15:K15) -> 413.674
... A37: April 2023 | B37: Eastern | C37: TENUGHAT TPS | D37: =VLOOKUP(C37,'State Key'!$A$2:$B$210,2,False) -> Jharkhand | E37: 420 | F37: 121.35 | G37: 0 | H37: 0 | I37: 0 | J37: 0 | K37: 0 | L37: 121.35 | M37: 154.52 | N37: 126.39 | O37: 24.5 | P37: =SUM(F37:K37) -> 121.35
A38: April 2023 | B38: Eastern | C38: TITAGARH TPS | D38: =VLOOKUP(C38,'State Key'!$A$2:$B$210,2,False) -> West Bengal | E38: 240 | F38: 0 | G38: 0 | H38: 0 | I38: 0 | J38: 0 | K38: 0 | L38: 0 | M38: 0 | N38: 0.67 | O38: — | P38: =SUM(F38:K38) -> 0
A39: April 2023 | B39: Eastern | C39: UTKAL TPP (IND BARATH) | D39: =VLOOKUP(C39,'State Key'!$A$2:$B$210,2,False) -> Odisha | E39: 350 | F39: 0 | G39: 0 | H39: 0 | I39: 0 | J39: 0 | K39: 0 | L39: 0 | M39: 0 | N39: 0 | O39: — | P39: =SUM(F39:K39) -> 0
A40: April 2023 | B40: Eastern | C40: VEDANTA TPP | D40: =VLOOKUP(C40,'State Key'!$A$2:$B$210,2,False) -> Odisha | E40: 600 | F40: 170.24 | G40: 0 | H40: 0 | I40: 0 | J40: 0 | K40: 0 | L40: 170.24 | M40: 160.77 | N40: 148.23 | O40: 27.7 | P40: =SUM(F40:K40) -> 170.24
A41: April 2023 | B41: Northern | C41: ANPARA C TPS | D41: =VLOOKUP(C41,'State Key'!$A$2:$B$210,2,False) -> Uttar Pradesh | E41: 1200 | F41: 494.745 | G41: 0 | H41: 0 | I41: 0 | J41: 0 | K41: 0 | L41: 494.745 | M41: 490.0869 | N41: 93.16 | O41: 5.7 | P41: =SUM(F41:K41) -> 494.745
A42: April 2023 | B42: Northern | C42: ANPARA TPS | D42: =VLOOKUP(C42,'State Key'!$A$2:$B$210,2,False) -> Uttar Pradesh | E42: 2630 | F42: 817.05 | G42: 0 | H42: 0 | I42: 0 | J42: 0 | K42: 0 | L42: 817.05 | M42: 821.152 | N42: 925.93 | O42: 33.8 | P42: =SUM(F42:K42) -> 817.05
A43: April 2023 | B43: Northern | C43: BARKHERA TPS | D43: =VLOOKUP(C43,'State Key'!$A$2:$B$210,2,False) -> Uttar Pradesh | E43: 90 | F43: 34.91 | G43: 0 | H43: 0 | I43: 0 | J43: 0 | K43: 0 | L43: 34.91 | M43: 16.01 | N43: 61.22 | O43: 114.7 | P43: =SUM(F43:K43) -> 34.91
A44: April 2023 | B44: Northern | C44: CHHABRA-I PH-1 TPP | D44: =VLOOKUP(C44,'State Key'!$A$2:$B$210,2,False) -> Rajasthan | E44: 500 | F44: 127.0453 | G44: 0 | H44: 0 | I44: 0 | J44: 0 | K44: 0 | L44: 127.0453 | M44: 163.594 | N44: 29.66 | O44: 5.4 | P44: =SUM(F44:K44) -> 127.0453
A45: April 2023 | B45: Northern | C45: CHHABRA-I PH-2 TPP | D45: =VLOOKUP(C45,'State Key'!$A$2:$B$210,2,False) -> Rajasthan | E45: 500 | F45: 0.0582 | G45: 0 | H45: 182.9332 | I45: 0 | J45: 0 | K45: 0 | L45: 182.9914 | M45: 143.7478 | N45: 133.44 | O45: 27.8 | P45: =SUM(F45:K45) -> 182.9914
A46: April 2023 | B46: Northern | C46: CHHABRA-II TPP | D46: =VLOOKUP(C46,'State Key'!$A$2:$B$210,2,False) -> Rajasthan | E46: 1320 | F46: 76.60254 | G46: 0 | H46: 301.93574 | I46: 0 | J46: 0 | K46: 0 | L46: 378.53828 | M46: 405.276 | N46: 79.31 | O46: 5.9 | P46: =SUM(F46:K46) -> 378.53828
A47: April 2023 | B47: Northern | C47: DADRI (NCTPP) | D47: =VLOOKUP(C47,'State Key'!$A$2:$B$210,2,False) -> Uttar Pradesh | E47: 1820 | F47: 479.3 | G47: 0 | H47: 78.08 | I47: 84.65 | J47: 0 | K47: 0 | L47: 642.03 | M47: 616.552 | N47: 271.934 | O47: 13.2 | P47: =SUM(F47:K47) -> 642.03
A48: April 2023 | B48: Northern | C48: GH TPS (LEH.MOH.) | D48: =VLOOKUP(C48,'State Key'!$A$2:$B$210,2,False) -> Punjab | E48: 920 | F48: 203.333 | G48: 0 | H48: 146.442 | I48: 0 | J48: 0 | K48: 0 | L48: 349.775 | M48: 204.548 | N48: 398.016 | O48: 58.4 | P48: =SUM(F48:K48) -> 349.775
A49: April 2023 | B49: Northern | C49: GOINDWAL SAHIB TPP | D49: =VLOOKUP(C49,'State Key'!$A$2:$B$210,2,False) -> Punjab | E49: 540 | F49: 139.017 | G49: 0 | H49: 0 | I49: 0 | J49: 0 | K49: 0 | L49: 139.017 | M49: 132.581 | N49: 64.82 | O49: 14.7 | P49: =SUM(F49:K49) -> 139.017
A50: April 2023 | B50: Northern | C50: HARDUAGANJ TPS | D50: =VLOOKUP(C50,'State Key'!$A$2:$B$210,2,False) -> Uttar Pradesh | E50: 1265 | F50: 241.017 | G50: 0 | H50: 0 | I50: 0 | J50: 0 | K50: 0 | L50: 241.017 | M50: 333.9604 | N50: 225.48 | O50: 20.3 | P50: =SUM(F50:K50) -> 241.017
A51: April 2023 | B51: Northern | C51: INDIRA GANDHI STPP | D51: =VLOOKUP(C51,'State Key'!$A$2:$B$210,2,False) -> Haryana | E51: 1500 | F51: 489.444 | G51: 12.145 | H51: 0 | I51: 0 | J51: 0 | K51: 0 | L51: 501.589 | M51: 480.948 | N51: 255.99 | O51: 16 | P51: =SUM(F51:K51) -> 501.589
... A100: April 2023 | B100: Southern | C100: SINGARENI TPP | D100: =VLOOKUP(C100,'State Key'!$A$2:$B$210,2,False) -> Telangana | E100: 1200 | F100: 0 | G100: 463.887 | H100: 0 | I100: 0 | J100: 0 | K100: 0 | L100: 463.887 | M100: 500.17 | N100: 90.42 | O100: 5.4 | P100: =SUM(F100:K100) -> 463.887
A101: April 2023 | B101: Southern | C101: THAMMINAPATNAM TPS | D101: =VLOOKUP(C101,'State Key'!$A$2:$B$210,2,False) -> Andhra Pradesh | E101: 300 | F101: 0 | G101: 0 | H101: 0 | I101: 0 | J101: 0 | K101: 0 | L101: 0 | M101: 0 | N101: 0.98 | O101: — | P101: =SUM(F101:K101) -> 0
A102: April 2023 | B102: Southern | C102: TORANGALLU TPS(SBU-I) | D102: =VLOOKUP(C102,'State Key'!$A$2:$B$210,2,False) -> Karnataka | E102: 260 | F102: 0 | G102: 0 | H102: 0 | I102: 50.07 | J102: 0 | K102: 0 | L102: 50.07 | M102: 50.0698 | N102: 0 | O102: 0 | P102: =SUM(F102:K102) -> 50.07
A103: April 2023 | B103: Southern | C103: TORANGALLU TPS(SBU-II) | D103: =VLOOKUP(C103,'State Key'!$A$2:$B$210,2,False) -> Karnataka | E103: 600 | F103: 0 | G103: 0 | H103: 0 | I103: 67.11 | J103: 0 | K103: 0 | L103: 67.11 | M103: 90.26 | N103: 14.5 | O103: 4.8 | P103: =SUM(F103:K103) -> 67.11
A104: April 2023 | B104: Southern | C104: TUTICORIN (P) TPP | D104: =VLOOKUP(C104,'State Key'!$A$2:$B$210,2,False) -> Tamil Nadu | E104: 300 | F104: 0 | G104: 0 | H104: 0 | I104: 0 | J104: 0 | K104: 0 | L104: 0 | M104: 0 | N104: 0 | O104: — | P104: =SUM(F104:K104) -> 0
A105: April 2023 | B105: Southern | C105: TUTICORIN TPP ST-IV | D105: =VLOOKUP(C105,'State Key'!$A$2:$B$210,2,False) -> Tamil Nadu | E105: 525 | F105: 0 | G105: 0 | H105: 0 | I105: 66.574 | J105: 0 | K105: 0 | L105: 66.574 | M105: 67.9 | N105: 19.37 | O105: 8.6 | P105: =SUM(F105:K105) -> 66.574
A106: April 2023 | B106: Southern | C106: TUTICORIN TPS | D106: =VLOOKUP(C106,'State Key'!$A$2:$B$210,2,False) -> Tamil Nadu | E106: 1050 | F106: 507.763 | G106: 0 | H106: 0 | I106: 0 | J106: 0 | K106: 0 | L106: 507.763 | M106: 550.903 | N106: 253.41 | O106: 13.8 | P106: =SUM(F106:K106) -> 507.763
A107: April 2023 | B107: Southern | C107: UDUPI TPP | D107: =VLOOKUP(C107,'State Key'!$A$2:$B$210,2,False) -> Karnataka | E107: 1200 | F107: 27.043 | G107: 0 | H107: 0 | I107: 215.436 | J107: 0 | K107: 0 | L107: 242.479 | M107: 165.9218 | N107: 124.5 | O107: 22.5 | P107: =SUM(F107:K107) -> 242.479
A108: April 2023 | B108: Southern | C108: VALLUR TPP | D108: =VLOOKUP(C108,'State Key'!$A$2:$B$210,2,False) -> Tamil Nadu | E108: 1500 | F108: 515.572 | G108: 0 | H108: 0 | I108: 73 | J108: 0 | K108: 0 | L108: 588.572 | M108: 683.697 | N108: 199.75 | O108: 8.8 | P108: =SUM(F108:K108) -> 588.572
A109: April 2023 | B109: Southern | C109: VIZAG TPP | D109: =VLOOKUP(C109,'State Key'!$A$2:$B$210,2,False) -> Andhra Pradesh | E109: 1040 | F109: 317.7124 | G109: 0 | H109: 0 | I109: 23.7352 | J109: 0 | K109: 0 | L109: 341.4476 | M109: 322.241 | N109: 79.8661 | O109: 7.4 | P109: =SUM(F109:K109) -> 341.4476
A110: April 2023 | B110: Southern | C110: YERMARUS TPP | D110: =VLOOKUP(C110,'State Key'!$A$2:$B$210,2,False) -> Karnataka | E110: 1600 | F110: 0 | G110: 358.733 | H110: 0 | I110: 0 | J110: 0 | K110: 0 | L110: 358.733 | M110: 313.962 | N110: 218.52 | O110: 20.9 | P110: =SUM(F110:K110) -> 358.733
A111: April 2023 | B111: Western | C111: AKALTARA TPS | D111: =VLOOKUP(C111,'State Key'!$A$2:$B$210,2,False) -> Chhattisgarh | E111: 1800 | F111: 505.8883 | G111: 0 | H111: 0 | I111: 0.1177 | J111: 0 | K111: 7.543 | L111: 513.549 | M111: 607.898 | N111: 392.42 | O111: 19.4 | P111: =SUM(F111:K111) -> 513.549
A112: April 2023 | B112: Western | C112: AMARKANTAK EXT TPS | D112: =VLOOKUP(C112,'State Key'!$A$2:$B$210,2,False) -> Madhya Pradesh | E112: 210 | F112: 96.315 | G112: 0 | H112: 0 | I112: 0 | J112: 0 | K112: 0 | L112: 96.315 | M112: 93.838 | N112: 72.52 | O112: 23.2 | P112: =SUM(F112:K112) -> 96.315
A113: April 2023 | B113: Western | C113: AMRAVATI TPS | D113: =VLOOKUP(C113,'State Key'!$A$2:$B$210,2,False) -> Maharashtra | E113: 1350 | F113: 536.803 | G113: 0 | H113: 0 | I113: 0 | J113: 0 | K113: 0 | L113: 536.803 | M113: 598.733 | N113: 12.72 | O113: 0.6 | P113: =SUM(F113:K113) -> 536.803
A114: April 2023 | B114: Western | C114: ANUPPUR TPP | D114: =VLOOKUP(C114,'State Key'!$A$2:$B$210,2,False) -> Madhya Pradesh | E114: 1250 | F114: 416.24 | G114: 0 | H114: 0 | I114: 0 | J114: 0 | K114: 92.22 | L114: 508.46 | M114: 511.26 | N114: 380.36 | O114: 22.3 | P114: =SUM(F114:K114) -> 508.46
A115: April 2023 | B115: Western | C115: AVANTHA BHANDAR | D115: =VLOOKUP(C115,'State Key'!$A$2:$B$210,2,False) -> Chhattisgarh | E115: 600 | F115: 289.821 | G115: 0 | H115: 0 | I115: 0 | J115: 16.16 | K115: 0 | L115: 305.981 | M115: 304.096 | N115: 162.99 | O115: 16.1 | P115: =SUM(F115:K115) -> 305.981
A116: April 2023 | B116: Western | C116: BALCO TPS | D116: =VLOOKUP(C116,'State Key'!$A$2:$B$210,2,False) -> Chhattisgarh | E116: 600 | F116: 86.77 | G116: 0 | H116: 0 | I116: 23.31 | J116: 0 | K116: 19.57 | L116: 129.65 | M116: 196.921 | N116: 79.64 | O116: 12.1 | P116: =SUM(F116:K116) -> 129.65
... A123: April 2023 | B123: Western | C123: BINJKOTE TPP | D123: =VLOOKUP(C123,'State Key'!$A$2:$B$210,2,False) -> Chhattisgarh | E123: 600 | F123: 32.691 | G123: 0 | H123: 0 | I123: 0 | J123: 0 | K123: 181.394 | L123: 214.085 | M123: 181.613 | N123: 74.51 | O123: 12.3 | P123: =SUM(F123:K123) -> 214.085
A124: April 2023 | B124: Western | C124: BUTIBORI TPP | D124: =VLOOKUP(C124,'State Key'!$A$2:$B$210,2,False) -> Maharashtra | E124: 600 | F124: 0 | G124: 0 | H124: 0 | I124: 0 | J124: 0 | K124: 0 | L124: 0 | M124: 0 | N124: 59.73 | O124: — | P124: =SUM(F124:K124) -> 0
A125: April 2023 | B125: Western | C125: CHAKABURA TPP | D125: =VLOOKUP(C125,'State Key'!$A$2:$B$210,2,False) -> Chhattisgarh | E125: 30 | F125: 2.3394 | G125: 0 | H125: 0 | I125: 0 | J125: 56.54244 | K125: 0 | L125: 58.88184 | M125: 57.633 | N125: 38.26 | O125: 19.9 | P125: =SUM(F125:K125) -> 58.88184
A126: April 2023 | B126: Western | C126: CHANDRAPUR(MAHARASHTRA) STPS | D126: =VLOOKUP(C126,'State Key'!$A$2:$B$210,2,False) -> Maharashtra | E126: 2920 | F126: 729.868 | G126: 16.222 | H126: 0 | I126: 0.705 | J126: 0 | K126: 0 | L126: 746.795 | M126: 1205.22 | N126: 475.02 | O126: 11.8 | P126: =SUM(F126:K126) -> 746.795
A127: April 2023 | B127: Western | C127: DAHANU TPS | D127: =VLOOKUP(C127,'State Key'!$A$2:$B$210,2,False) -> Maharashtra | E127: 500 | F127: 188.839 | G127: 0 | H127: 0 | I127: 0 | J127: 0 | K127: 0 | L127: 188.839 | M127: 187.492 | N127: 22.76 | O127: 3.6 | P127: =SUM(F127:K127) -> 188.839
A128: April 2023 | B128: Western | C128: DHARIWAL TPP | D128: =VLOOKUP(C128,'State Key'!$A$2:$B$210,2,False) -> Maharashtra | E128: 600 | F128: 287.652 | G128: 0 | H128: 0 | I128: 0 | J128: 0 | K128: 15.625 | L128: 303.277 | M128: 261.073 | N128: 203.33 | O128: 23.4 | P128: =SUM(F128:K128) -> 303.277
A129: April 2023 | B129: Western | C129: DSPM TPS | D129: =VLOOKUP(C129,'State Key'!$A$2:$B$210,2,False) -> Chhattisgarh | E129: 500 | F129: 272.87373 | G129: 0 | H129: 0 | I129: 0 | J129: 0 | K129: 0 | L129: 272.87373 | M129: 206.128 | N129: 350.82 | O129: 51.1 | P129: =SUM(F129:K129) -> 272.87373
A130: April 2023 | B130: Western | C130: GADARWARA TPP | D130: =VLOOKUP(C130,'State Key'!$A$2:$B$210,2,False) -> Madhya Pradesh | E130: 1600 | F130: 263.71 | G130: 0 | H130: 34.07 | I130: 170.72 | J130: 0 | K130: 0 | L130: 468.5 | M130: 447.893 | N130: 370.263 | O130: 24.8 | P130: =SUM(F130:K130) -> 468.5
A131: April 2023 | B131: Western | C131: GANDHI NAGAR TPS | D131: =VLOOKUP(C131,'State Key'!$A$2:$B$210,2,False) -> Gujarat | E131: 630 | F131: 177.959 | G131: 0 | H131: 0 | I131: 0 | J131: 0 | K131: 0 | L131: 177.959 | M131: 207.716 | N131: 75.3 | O131: 10.9 | P131: =SUM(F131:K131) -> 177.959
A132: April 2023 | B132: Western | C132: GEPL TPP Ph-I | D132: =VLOOKUP(C132,'State Key'!$A$2:$B$210,2,False) -> Maharashtra | E132: 120 | F132: 0 | G132: 0 | H132: 0 | I132: 0 | J132: 0 | K132: 0 | L132: 0 | M132: 0 | N132: 0 | O132: — | P132: =SUM(F132:K132) -> 0
A133: April 2023 | B133: Western | C133: GMR WARORA TPS | D133: =VLOOKUP(C133,'State Key'!$A$2:$B$210,2,False) -> Maharashtra | E133: 600 | F133: 221.56 | G133: 0 | H133: 0 | I133: 0 | J133: 0 | K133: 13.725 | L133: 235.285 | M133: 238.074 | N133: 3.58 | O133: 0.5 | P133: =SUM(F133:K133) -> 235.285
A134: April 2023 | B134: Western | C134: JSW RATNAGIRI TPP | D134: =VLOOKUP(C134,'State Key'!$A$2:$B$210,2,False) -> Maharashtra | E134: 300 | F134: 0 | G134: 0 | H134: 0 | I134: 70 | J134: 0 | K134: 0 | L134: 70 | M134: 73.67 | N134: 63.13 | O134: 25.7 | P134: =SUM(F134:K134) -> 70
A135: April 2023 | B135: Western | C135: KASAIPALLI TPP | D135: =VLOOKUP(C135,'State Key'!$A$2:$B$210,2,False) -> Chhattisgarh | E135: 270 | F135: 27.67 | G135: 0 | H135: 0 | I135: 0 | J135: 140.809 | K135: 0 | L135: 168.479 | M135: 163.33 | N135: 30.65 | O135: 5.6 | P135: =SUM(F135:K135) -> 168.479
A136: April 2023 | B136: Western | C136: KATGHORA TPP | D136: =VLOOKUP(C136,'State Key'!$A$2:$B$210,2,False) -> Chhattisgarh | E136: 35 | F136: 0 | G136: 0 | H136: 0 | I136: 0 | J136: 0 | K136: 0 | L136: 0 | M136: 0 | N136: 0 | O136: — | P136: =SUM(F136:K136) -> 0
A137: April 2023 | B137: Western | C137: KHAPARKHEDA TPS | D137: =VLOOKUP(C137,'State Key'!$A$2:$B$210,2,False) -> Maharashtra | E137: 1340 | F137: 630.19 | G137: 0 | H137: 0 | I137: 0 | J137: 0 | K137: 0 | L137: 630.19 | M137: 521.763 | N137: 484.11 | O137: 27.8 | P137: =SUM(F137:K137) -> 630.19
A138: April 2023 | B138: Western | C138: KHARGONE STPP | D138: =VLOOKUP(C138,'State Key'!$A$2:$B$210,2,False) -> Madhya Pradesh | E138: 1320 | F138: 194.78 | G138: 0 | H138: 67.76 | I138: 64.98 | J138: 0 | K138: 0 | L138: 327.52 | M138: 379.175 | N138: 215.79 | O138: 17.1 | P138: =SUM(F138:K138) -> 327.52
A139: April 2023 | B139: Western | C139: KORADI TPS | D139: =VLOOKUP(C139,'State Key'!$A$2:$B$210,2,False) -> Maharashtra | E139: 2190 | F139: 740.354 | G139: 15.745 | H139: 0 | I139: 0 | J139: 0 | K139: 0 | L139: 756.099 | M139: 707.333 | N139: 448.271 | O139: 19 | P139: =SUM(F139:K139) -> 756.099
A140: April 2023 | B140: Western | C140: KORBA STPS | D140: =VLOOKUP(C140,'State Key'!$A$2:$B$210,2,False) -> Chhattisgarh | E140: 2600 | F140: 1260.2 | G140: 0 | H140: 0 | I140: 0 | J140: 0 | K140: 0 | L140: 1260.2 | M140: 1288.286 | N140: 417.88 | O140: 9.7 | P140: =SUM(F140:K140) -> 1260.2
A141: April 2023 | B141: Western | C141: KORBA-WEST TPS | D141: =VLOOKUP(C141,'State Key'!$A$2:$B$210,2,False) -> Chhattisgarh | E141: 1340 | F141: 439.975 | G141: 0 | H141: 0 | I141: 0 | J141: 0 | K141: 0 | L141: 439.975 | M141: 660.664 | N141: 176.2 | O141: 8 | P141: =SUM(F141:K141) -> 439.975
A142: April 2023 | B142: Western | C142: LARA TPP | D142: =VLOOKUP(C142,'State Key'!$A$2:$B$210,2,False) -> Chhattisgarh | E142: 1600 | F142: 21.74 | G142: 0 | H142: 645.35 | I142: 0 | J142: 0 | K142: 0 | L142: 667.09 | M142: 698.161 | N142: 442.43 | O142: 19 | P142: =SUM(F142:K142) -> 667.09
A143: April 2023 | B143: Western | C143: MAHAN TPP | D143: =VLOOKUP(C143,'State Key'!$A$2:$B$210,2,False) -> Madhya Pradesh | E143: 1200 | F143: 187.224 | G143: 0 | H143: 0 | I143: 0 | J143: 0 | K143: 0 | L143: 187.224 | M143: 444.763 | N143: 194.28 | O143: 13.1 | P143: =SUM(F143:K143) -> 187.224
A144: April 2023 | B144: Western | C144: MARWA TPS | D144: =VLOOKUP(C144,'State Key'!$A$2:$B$210,2,False) -> Chhattisgarh | E144: 1000 | F144: 316.84 | G144: 0 | H144: 210.52 | I144: 0 | J144: 0 | K144: 0 | L144: 527.36 | M144: 415.69 | N144: 309.39 | O144: 22.3 | P144: =SUM(F144:K144) -> 527.36
A145: April 2023 | B145: Western | C145: MAUDA TPS | D145: =VLOOKUP(C145,'State Key'!$A$2:$B$210,2,False) -> Maharashtra | E145: 2320 | F145: 810.84 | G145: 4.07 | H145: 43.74 | I145: 148.109 | J145: 0 | K145: 0 | L145: 1006.759 | M145: 820.418 | N145: 555.378 | O145: 20.3 | P145: =SUM(F145:K145) -> 1006.759
A146: April 2023 | B146: Western | C146: MIHAN TPS | D146: =VLOOKUP(C146,'State Key'!$A$2:$B$210,2,False) -> Madhya Pradesh | E146: 246 | F146: 0 | G146: 0 | H146: 0 | I146: 0 | J146: 0 | K146: 0 | L146: 0 | M146: 0 | N146: 0 | O146: — | P146: =SUM(F146:K146) -> 0
A147: April 2023 | B147: Western | C147: MUNDRA TPS-I & II | D147: =VLOOKUP(C147,'State Key'!$A$2:$B$210,2,False) -> Gujarat | E147: 2640 | F147: 0 | G147: 0 | H147: 0 | I147: 248.365 | J147: 0 | K147: 0 | L147: 248.365 | M147: 218.136 | N147: 58.616 | O147: 8.1 | P147: =SUM(F147:K147) -> 248.365
A148: April 2023 | B148: Western | C148: MUNDRA TPS-III | D148: =VLOOKUP(C148,'State Key'!$A$2:$B$210,2,False) -> Gujarat | E148: 1980 | F148: 0 | G148: 0 | H148: 0 | I148: 501.333 | J148: 0 | K148: 0 | L148: 501.333 | M148: 515.109 | N148: 47.63 | O148: 2.8 | P148: =SUM(F148:K148) -> 501.333
A149: April 2023 | B149: Western | C149: MUNDRA UMTPP | D149: =VLOOKUP(C149,'State Key'!$A$2:$B$210,2,False) -> Gujarat | E149: 4000 | F149: 0 | G149: 0 | H149: 0 | I149: 268 | J149: 0 | K149: 0 | L149: 268 | M149: 268 | N149: 484.78 | O149: 54.3 | P149: =SUM(F149:K149) -> 268
A150: April 2023 | B150: Western | C150: NASIK (P) TPS | D150: =VLOOKUP(C150,'State Key'!$A$2:$B$210,2,False) -> Maharashtra | E150: 1350 | F150: 0 | G150: 0 | H150: 0 | I150: 0 | J150: 0 | K150: 0 | L150: 0 | M150: 0 | N150: 0 | O150: — | P150: =SUM(F150:K150) -> 0
A151: April 2023 | B151: Western | C151: NASIK TPS | D151: =VLOOKUP(C151,'State Key'!$A$2:$B$210,2,False) -> Maharashtra | E151: 630 | F151: 245.172 | G151: 0 | H151: 0 | I151: 0 | J151: 0 | K151: 0 | L151: 245.172 | M151: 212.09 | N151: 55.34 | O151: 7.8 | P151: =SUM(F151:K151) -> 245.172
A152: April 2023 | B152: Western | C152: NAWAPARA TPP | D152: =VLOOKUP(C152,'State Key'!$A$2:$B$210,2,False) -> Chhattisgarh | E152: 600 | F152: 296.733 | G152: 0 | H152: 0 | I152: 0 | J152: 0 | K152: 23.193 | L152: 319.926 | M152: 232.488 | N152: 169.75 | O152: 21.9 | P152: =SUM(F152:K152) -> 319.926
A153: April 2023 | B153: Western | C153: NIGRI TPP | D153: =VLOOKUP(C153,'State Key'!$A$2:$B$210,2,False) -> Madhya Pradesh | E153: 1320 | F153: 0 | G153: 0 | H153: 155.7758 | I153: 0 | J153: 0 | K153: 130.1544 | L153: 285.9302 | M153: 505.6706 | N153: 226.02 | O153: 13.4 | P153: =SUM(F153:K153) -> 285.9302
A154: April 2023 | B154: Western | C154: NIWARI TPP | D154: =VLOOKUP(C154,'State Key'!$A$2:$B$210,2,False) -> Madhya Pradesh | E154: 90 | F154: 0 | G154: 0 | H154: 0 | I154: 0 | J154: 36 | K154: 0 | L154: 36 | M154: 32 | N154: 4 | O154: 3.8 | P154: =SUM(F154:K154) -> 36
A155: April 2023 | B155: Western | C155: OP JINDAL TPS | D155: =VLOOKUP(C155,'State Key'!$A$2:$B$210,2,False) -> Chhattisgarh | E155: 1000 | F155: 0 | G155: 0 | H155: 0 | I155: 0 | J155: 0 | K155: 705.839 | L155: 705.839 | M155: 463.068 | N155: 252.89 | O155: 16.4 | P155: =SUM(F155:K155) -> 705.839
A156: April 2023 | B156: Western | C156: PARAS TPS | D156: =VLOOKUP(C156,'State Key'!$A$2:$B$210,2,False) -> Maharashtra | E156: 500 | F156: 214.294 | G156: 0 | H156: 0 | I156: 0 | J156: 0 | K156: 0 | L156: 214.294 | M156: 204.171 | N156: 42 | O156: 6.2 | P156: =SUM(F156:K156) -> 214.294
A157: April 2023 | B157: Western | C157: PARLI TPS | D157: =VLOOKUP(C157,'State Key'!$A$2:$B$210,2,False) -> Maharashtra | E157: 750 | F157: 0 | G157: 305.16 | H157: 0 | I157: 0 | J157: 0 | K157: 0 | L157: 305.16 | M157: 306.467 | N157: 47.68 | O157: 4.7 | P157: =SUM(F157:K157) -> 305.16
A158: April 2023 | B158: Western | C158: PATHADI TPP | D158: =VLOOKUP(C158,'State Key'!$A$2:$B$210,2,False) -> Chhattisgarh | E158: 600 | F158: 256.32 | G158: 0 | H158: 0 | I158: 0 | J158: 0 | K158: 0 | L158: 256.32 | M158: 238.4001 | N158: 255.19 | O158: 32.1 | P158: =SUM(F158:K158) -> 256.32
A159: April 2023 | B159: Western | C159: RAIKHEDA TPP | D159: =VLOOKUP(C159,'State Key'!$A$2:$B$210,2,False) -> Chhattisgarh | E159: 1370 | F159: 455.736 | G159: 0 | H159: 0 | I159: 0 | J159: 111.564 | K159: 0 | L159: 567.3 | M159: 583.6 | N159: 169.72 | O159: 8.7 | P159: =SUM(F159:K159) -> 567.3
A160: April 2023 | B160: Western | C160: RATIJA TPS | D160: =VLOOKUP(C160,'State Key'!$A$2:$B$210,2,False) -> Chhattisgarh | E160: 100 | F160: 0.16048 | G160: 0 | H160: 0 | I160: 0 | J160: 58.18084 | K160: 0 | L160: 58.34132 | M160: 75.818 | N160: 6.99 | O160: 2.8 | P160: =SUM(F160:K160) -> 58.34132
A161: April 2023 | B161: Western | C161: SABARMATI (D-F STATIONS) | D161: =VLOOKUP(C161,'State Key'!$A$2:$B$210,2,False) -> Gujarat | E161: 362 | F161: 74.973 | G161: 0 | H161: 0 | I161: 12.101 | J161: 0 | K161: 0 | L161: 87.074 | M161: 128.221 | N161: 120.58 | O161: 28.2 | P161: =SUM(F161:K161) -> 87.074
A162: April 2023 | B162: Western | C162: SALAYA TPP | D162: =VLOOKUP(C162,'State Key'!$A$2:$B$210,2,False) -> Gujarat | E162: 1200 | F162: 0 | G162: 0 | H162: 0 | I162: 122.12 | J162: 0 | K162: 0 | L162: 122.12 | M162: 257.984 | N162: 126.43 | O162: 14.7 | P162: =SUM(F162:K162) -> 122.12
A163: April 2023 | B163: Western | C163: SALORA TPP | D163: =VLOOKUP(C163,'State Key'!$A$2:$B$210,2,False) -> Chhattisgarh | E163: 135 | F163: 0 | G163: 0 | H163: 0 | I163: 0 | J163: 0 | K163: 0 | L163: 0 | M163: 0 | N163: 0 | O163: — | P163: =SUM(F163:K163) -> 0
A164: April 2023 | B164: Western | C164: SANJAY GANDHI TPS | D164: =VLOOKUP(C164,'State Key'!$A$2:$B$210,2,False) -> Madhya Pradesh | E164: 1340 | F164: 409.416 | G164: 0 | H164: 0 | I164: 0 | J164: 0 | K164: 0 | L164: 409.416 | M164: 529.889 | N164: 134.156 | O164: 7.6 | P164: =SUM(F164:K164) -> 409.416
A165: April 2023 | B165: Western | C165: SASAN UMTPP | D165: =VLOOKUP(C165,'State Key'!$A$2:$B$210,2,False) -> Madhya Pradesh | E165: 3960 | F165: 0 | G165: 0 | H165: 1214.366 | I165: 0 | J165: 0 | K165: 0 | L165: 1214.366 | M165: 1172.23 | N165: 341.12 | O165: 8.7 | P165: =SUM(F165:K165) -> 1214.366
A166: April 2023 | B166: Western | C166: SATPURA TPS | D166: =VLOOKUP(C166,'State Key'!$A$2:$B$210,2,False) -> Madhya Pradesh | E166: 1330 | F166: 169.284 | G166: 0 | H166: 0 | I166: 0 | J166: 0 | K166: 0 | L166: 169.284 | M166: 204.849 | N166: 118.931 | O166: 17.4 | P166: =SUM(F166:K166) -> 169.284
A167: April 2023 | B167: Western | C167: SEIONI TPP | D167: =VLOOKUP(C167,'State Key'!$A$2:$B$210,2,False) -> Madhya Pradesh | E167: 600 | F167: 172.982 | G167: 0 | H167: 0 | I167: 0 | J167: 0 | K167: 27.576 | L167: 200.558 | M167: 256.366 | N167: 121.43 | O167: 14.2 | P167: =SUM(F167:K167) -> 200.558
A168: April 2023 | B168: Western | C168: SHIRPUR TPP | D168: =VLOOKUP(C168,'State Key'!$A$2:$B$210,2,False) -> Maharashtra | E168: 150 | F168: 0 | G168: 0 | H168: 0 | I168: 0 | J168: 0 | K168: 0 | L168: 0 | M168: 0 | N168: 0 | O168: — | P168: =SUM(F168:K168) -> 0
A169: April 2023 | B169: Western | C169: SHREE SINGAJI TPP | D169: =VLOOKUP(C169,'State Key'!$A$2:$B$210,2,False) -> Madhya Pradesh | E169: 2520 | F169: 812.198 | G169: 0 | H169: 0 | I169: 0 | J169: 0 | K169: 0 | L169: 812.198 | M169: 775.958 | N169: 194.4 | O169: 7.5 | P169: =SUM(F169:K169) -> 812.198
A170: April 2023 | B170: Western | C170: SIKKA REP. TPS | D170: =VLOOKUP(C170,'State Key'!$A$2:$B$210,2,False) -> Gujarat | E170: 500 | F170: 0 | G170: 0 | H170: 0 | I170: 8.145 | J170: 0 | K170: 0 | L170: 8.145 | M170: 12.191 | N170: 64.81 | O170: 159.5 | P170: =SUM(F170:K170) -> 8.145
A171: April 2023 | B171: Western | C171: SIPAT STPS | D171: =VLOOKUP(C171,'State Key'!$A$2:$B$210,2,False) -> Chhattisgarh | E171: 2980 | F171: 1127.32 | G171: 0 | H171: 0 | I171: 0 | J171: 0 | K171: 0 | L171: 1127.32 | M171: 1198.28 | N171: 531.52 | O171: 13.3 | P171: =SUM(F171:K171) -> 1127.32
A172: April 2023 | B172: Western | C172: SOLAPUR STPS | D172: =VLOOKUP(C172,'State Key'!$A$2:$B$210,2,False) -> Maharashtra | E172: 1320 | F172: 157.39 | G172: 105.78 | H172: 27.54 | I172: 31.72 | J172: 0 | K172: 0 | L172: 322.43 | M172: 307.287 | N172: 276.85 | O172: 27 | P172: =SUM(F172:K172) -> 322.43
A173: April 2023 | B173: Western | C173: SVPL TPP | D173: =VLOOKUP(C173,'State Key'!$A$2:$B$210,2,False) -> Chhattisgarh | E173: 63 | F173: 0 | G173: 0 | H173: 0 | I173: 0 | J173: 42.156 | K173: 0 | L173: 42.156 | M173: 26.942 | N173: 15.21 | O173: 16.9 | P173: =SUM(F173:K173) -> 42.156
A174: April 2023 | B174: Western | C174: SWASTIK KORBA TPP | D174: =VLOOKUP(C174,'State Key'!$A$2:$B$210,2,False) -> Chhattisgarh | E174: 25 | F174: 0 | G174: 0 | H174: 0 | I174: 0 | J174: 0 | K174: 0 | L174: 0 | M174: 0 | N174: 0 | O174: — | P174: =SUM(F174:K174) -> 0
A175: April 2023 | B175: Western | C175: TAMNAR TPP | D175: =VLOOKUP(C175,'State Key'!$A$2:$B$210,2,False) -> Chhattisgarh | E175: 2400 | F175: 516.414 | G175: 0 | H175: 0 | I175: 26.374 | J175: 0 | K175: 367.596 | L175: 910.384 | M175: 1067.195 | N175: 277.167 | O175: 7.8 | P175: =SUM(F175:K175) -> 910.384
...

Sheet Comparison
A1: SOURCE: https://www.data.gov.in/resource/stateut-wise-details-domestic-receipt-and-consumption-coal-domestic-coal-based-plants-2014
A2: Sl. No. | B2: State | C2: 2023-24 - Total Consumption (Millions of Tonnes) | D2: 23-2024 total per original data (Millions of Tonnes)
A3: 1 | B3: Delhi | C3: 0 | D3: N/A
A4: 2 | B4: Haryana | C4: 19.3 | D4: =SUMIFS('Master Data'!M51:M1514,'Master Data'!D51:D1514, "Haryana")/1000 -> 14.752221
A5: 3 | B5: Punjab | C5: 21.1 | D5: =SUMIFS('Master Data'!M48:M1510,'Master Data'!D48:D1510, "Punjab")/1000 -> 16.14692
A6: 4 | B6: Rajasthan | C6: 33.6 | D6: =SUMIFS('Master Data'!M1:M1620,'Master Data'!D1:D1620, "Rajasthan")/1000 -> 25.101988
A7: 5 | B7: Uttar Pradesh | C7: 99.7 | D7: =SUMIFS('Master Data'!M2:M1621,'Master Data'!D2:D1621, "Uttar Pradesh")/1000 -> 75.905263
A8: 6 | B8: Chhattisgarh | C8: 116.2 | D8: =SUMIFS('Master Data'!M2:M1621,'Master Data'!D2:D1621, "Chhattisgarh")/1000 -> 86.675224
A9: 7 | B9: Gujarat | C9: 15.8 | D9: =SUMIFS('Master Data'!M2:M1621,'Master Data'!D2:D1621, "Gujarat")/1000 -> 28.714433
A10: 8 | B10: Madhya Pradesh | C10: 93.4 | D10: =SUMIFS('Master Data'!M2:M1621,'Master Data'!D2:D1621, "Madhya Pradesh")/1000 -> 69.673836
A11: 9 | B11: Maharashtra | C11: 90.8 | D11: =SUMIFS('Master Data'!M2:M1621,'Master Data'!D2:D1621, "Maharashtra")/1000 -> 69.746375
A12: 10 | B12: Andhra Pradesh | C12: 49.1 | D12: =SUMIFS('Master Data'!M2:M1621,'Master Data'!D2:D1621, "Andhra Pradesh")/1000 -> 37.45002
A13: 11 | B13: Karnataka | C13: 25.4 | D13: =SUMIFS('Master Data'!M2:M1621,'Master Data'!D2:D1621, "Karnataka")/1000 -> 21.589594
A14: 12 | B14: Tamil Nadu | C14: 31.7 | D14: =SUMIFS('Master Data'!M2:M1621,'Master Data'!D2:D1621, "Tamil Nadu")/1000 -> 30.249006
A15: 13 | B15: Telangana | C15: 36.9 | D15: =SUMIFS('Master Data'!M2:M1621,'Master Data'!D2:D1621, "Telangana")/1000 -> 26.999568
A16: 14 | B16: Bihar | C16: 40.9 | D16: =SUMIFS('Master Data'!M2:M1621,'Master Data'!D2:D1621, "Bihar")/1000 -> 30.291395 | F16: <-- Note that these are probably similar because the data we have starts at April
A17: 15 | B17: Jharkhand | C17: 23.2 | D17: =SUMIFS('Master Data'!M2:M1621,'Master Data'!D2:D1621, "Jharkhand")/1000 -> 17.111033
A18: 16 | B18: Odisha | C18: 48.2 | D18: =SUMIFS('Master Data'!M2:M1621,'Master Data'!D2:D1621, "Odisha")/1000 -> 35.643398
A19: 17 | B19: West Bengal | C19: 59.3 | D19: =SUMIFS('Master Data'!M2:M1621,'Master Data'!D2:D1621, "West Bengal")/1000 -> 45.003287
A20: 18 | B20: Assam | C20: 3.1 | D20: =SUMIFS('Master Data'!M2:M1621,'Master Data'!D2:D1621, "Assam")/1000 -> 0
A21: All State-DCB | B21: All State-DCB | C21: 807.8 | D21: =SUM(D4:D19) -> 631.05356

Sheet All-India Monthly Summary
A1: All-India Monthly Coal Summary — National Power Portal | Quantities in '000 Tonnes
A2: Period | B2: Year | C2: Month | D2: CIL ('000T) | E2: SCCL ('000T) | F2: Captive ('000T) | G2: E-Auction ('000T) | H2: Import ('000T) | I2: Others ('000T) | J2: Total Receipt ('000T) | K2: Total Consump. ('000T) | L2: Closing Stocks ('000T) | M2: Net Surplus / Deficit ('000T) | N2: CIL % | O2: Captive % | P2: E-Auction % | Q2: Import % | R2: Market Coal %
A3: April 2023 | B3: 2023 | C3: 4 | D3: 47851.967 | E3: 5268.2417 | F3: 8760.5665 | G3: 4782.9893 | H3: 491.68228 | I3: 2732.5134 | J3: 69887.96 | K3: 71026.193 | L3: 35725.162 | M3: -1138.2324 | N3: 0.6847 | O3: 0.1254 | P3: 0.0684 | Q3: 0.007 | R3: 0.0754
A4: May 2023 | B4: 2023 | C4: 5 | D4: 49103.869 | E4: 5426.1639 | F4: 8885.3179 | G4: 4650.0049 | H4: 482.1802 | I4: 3351.9844 | J4: 71899.521 | K4: 71243.334 | L4: 36487.692 | M4: 656.1866 | N4: 0.683 | O4: 0.1236 | P4: 0.0647 | Q4: 0.0067 | R4: 0.0714
A5: June 2023 | B5: 2023 | C5: 6 | D5: 47288.49 | E5: 5051.6076 | F5: 8155.5643 | G5: 4762.6782 | H5: 322.1407 | I5: 2827.9458 | J5: 68408.426 | K5: 69162.138 | L5: 35188.19 | M5: -753.71117 | N5: 0.6913 | O5: 0.1192 | P5: 0.0696 | Q5: 0.0047 | R5: 0.0743
A6: July 2023 | B6: 2023 | C6: 7 | D6: 46116.783 | E6: 4274.0076 | F6: 8805.5377 | G6: 3637.881 | H6: 409.888 | I6: 3133.9562 | J6: 66378.054 | K6: 66919.716 | L6: 34648.747 | M6: -541.6624 | N6: 0.6948 | O6: 0.1327 | P6: 0.0548 | Q6: 0.0062 | R6: 0.061
A7: August 2023 | B7: 2023 | C7: 8 | D7: 45524.159 | E7: 4781.4892 | F7: 7749.1787 | G7: 4333.6618 | H7: 585.0579 | I7: 2888.1454 | J7: 65861.692 | K7: 71111.808 | L7: 29245.847 | M7: -5250.1161 | N7: 0.6912 | O7: 0.1177 | P7: 0.0658 | Q7: 0.0089 | R7: 0.0747
A8: September 2023 | B8: 2023 | C8: 9 | D8: 44191.837 | E8: 4566.7886 | F8: 7533.0491 | G8: 5548.3841 | H8: 726.1646 | I8: 2577.3538 | J8: 65143.578 | K8: 71127.853 | L8: 23117.382 | M8: -5984.2758 | N8: 0.6784 | O8: 0.1156 | P8: 0.0852 | Q8: 0.0111 | R8: 0.0963
A9: October 2023 | B9: 2023 | C9: 10 | D9: 48633.892 | E9: 5265.1319 | F9: 7691.0334 | G9: 7496.7361 | H9: 599.51612 | I9: 3030.1161 | J9: 72716.426 | K9: 75425.37 | L9: 20494.64 | M9: -2708.9442 | N9: 0.6688 | O9: 0.1058 | P9: 0.1031 | Q9: 0.0082 | R9: 0.1113
A10: November 2023 | B10: 2023 | C10: 11 | D10: 49610.946 | E10: 5260.9252 | F10: 8702.9637 | G10: 5869.7428 | H10: 1012.3792 | I10: 2912.8522 | J10: 73369.809 | K10: 66913.17 | L10: 27170.399 | M10: 6456.6389 | N10: 0.6762 | O10: 0.1186 | P10: 0.08 | Q10: 0.0138 | R10: 0.0938
A11: December 2023 | B11: 2023 | C11: 12 | D11: 50765.02 | E11: 5404.1126 | F11: 9541.5802 | G11: 5419.2893 | H11: 1063.6023 | I11: 3214.3426 | J11: 75407.947 | K11: 67627.544 | L11: 35155.111 | M11: 7780.4036 | N11: 0.6732 | O11: 0.1265 | P11: 0.0719 | Q11: 0.0141 | R11: 0.086
A12: January 2024 | B12: 2024 | C12: 1 | D12: 51509.352 | E12: 6022.2334 | F12: 9088.2916 | G12: 3273.2056 | H12: 6122.2144 | I12: 1066.3276 | J12: 77081.625 | K12: 73226.061 | L12: 39230.535 | M12: 3855.5635 | N12: 0.6682 | O12: 0.1179 | P12: 0.0425 | Q12: 0.0794 | R12: 0.1219
A13: February 2024 | B13: 2024 | C13: 2 | D13: 49400.691 | E13: 5641.0567 | F13: 9494.6978 | G13: 2477.4971 | H13: 6274.5762 | I13: 1141.3805 | J13: 74429.899 | K13: 68574.193 | L13: 44292.15 | M13: 5855.7054 | N13: 0.6637 | O13: 0.1276 | P13: 0.0333 | Q13: 0.0843 | R13: 0.1176
A14: March 2024 | B14: 2024 | C14: 3 | D14: 52534.265 | E14: 6217.407 | F14: 10509.982 | G14: 3143.3423 | H14: 6671.6852 | I14: 1280.9857 | J14: 80357.667 | K14: 74215.743 | L14: 50234.454 | M14: 6141.9238 | N14: 0.6538 | O14: 0.1308 | P14: 0.0391 | Q14: 0.083 | R14: 0.1221
... A36: January 2026 | B36: 2026 | C36: 1 | D36: 50846.63 | E36: 4794.3018 | F36: 13612.056 | G36: 1784.4949 | H36: 3631.0411 | I36: 1527.3594 | J36: 76195.884 | K36: 73949.272 | L36: 55987.911 | M36: 2246.6119 | N36: 0.6673 | O36: 0.1786 | P36: 0.0234 | Q36: 0.0477 | R36: 0.0711
A37: GRAND TOTAL | D37: 1626089.8 | E37: 168436.98 | F37: 372766.67 | G37: 95091.327 | H37: 127806.5 | I37: 61349.907 | J37: 2451541.2 | K37: 2430782.5 | L37: 1437152.4

Sheet Regional Monthly Summary
A1: Regional Monthly Coal Summary — National Power Portal | Quantities in '000 Tonnes
A2: Period | B2: Region | C2: Plants (#) | D2: CIL ('000T) | E2: SCCL ('000T) | F2: Captive ('000T) | G2: E-Auction ('000T) | H2: Import ('000T) | I2: Others ('000T) | J2: Total Receipt ('000T) | K2: Total Consump. ('000T) | L2: Net Balance ('000T) | M2: Closing Stocks ('000T) | N2: E-Auction % | O2: Import % | P2: Market Coal %
A3: April 2023 | B3: Eastern | C3: 37 | D3: 9533.1893 | E3: 8.169 | F3: 4267.506 | G3: 264.47 | H3: 30.27 | I3: 345.054 | J3: 14448.658 | K3: 14602.435 | L3: -153.7767 | M3: 6011.992 | N3: 0.0183 | O3: 0.0021 | P3: 0.0204
A4: April 2023 | B4: Northern | C4: 37 | D4: 12988.579 | E4: 12.145 | F4: 1479.225 | G4: 451.9575 | H4: 0 | I4: 0.067 | J4: 14931.973 | K4: 14036.089 | L4: 895.88406 | M4: 10796.336 | N4: 0.0303 | O4: 0 | P4: 0.0303
A5: April 2023 | B5: Southern | C5: 33 | D5: 5617.4422 | E5: 4800.9507 | F5: 614.71371 | G5: 2059.4482 | H5: 0 | I5: 0 | J5: 13092.555 | K5: 13811.875 | L5: -719.32008 | M5: 4530.6525 | N5: 0.1573 | O5: 0 | P5: 0.1573
A6: April 2023 | B6: Western | C6: 72 | D6: 19712.757 | E6: 446.977 | F6: 2399.1218 | G6: 2007.1136 | H6: 461.41228 | I6: 2387.3924 | J6: 27414.774 | K6: 28575.794 | L6: -1161.0197 | M6: 14386.182 | N6: 0.0732 | O6: 0.0168 | P6: 0.09
A7: May 2023 | B7: Eastern | C7: 37 | D7: 10133.747 | E7: 16.23 | F7: 4028.5088 | G7: 270.896 | H7: 24.634 | I7: 510.812 | J7: 14984.828 | K7: 14532.03 | L7: 452.7978 | M7: 6443.335 | N7: 0.0181 | O7: 0.0016 | P7: 0.0197
A8: May 2023 | B8: Northern | C8: 37 | D8: 12723.789 | E8: 0 | F8: 1216.8322 | G8: 316.14913 | H8: 0.07 | I8: 0 | J8: 14256.84 | K8: 14176.066 | L8: 80.77449 | M8: 10858.887 | N8: 0.0222 | O8: 0 | P8: 0.0222
A9: May 2023 | B9: Southern | C9: 33 | D9: 5766.1524 | E9: 4938.2229 | F9: 895.33678 | G9: 2337.1228 | H9: 0 | I9: 11.72957 | J9: 13948.565 | K9: 13320.87 | L9: 627.69493 | M9: 5112.5621 | N9: 0.1676 | O9: 0 | P9: 0.1676
A10: May 2023 | B10: Western | C10: 72 | D10: 20480.181 | E10: 471.711 | F10: 2744.6401 | G10: 1725.837 | H10: 457.4762 | I10: 2829.4428 | J10: 28709.288 | K10: 29214.369 | L10: -505.08062 | M10: 14072.908 | N10: 0.0601 | O10: 0.0159 | P10: 0.076
A11: June 2023 | B11: Eastern | C11: 37 | D11: 9605.1061 | E11: 12.342 | F11: 3602.192 | G11: 147.9776 | H11: 6.152 | I11: 263.905 | J11: 13637.675 | K11: 13906.783 | L11: -269.10815 | M11: 6122.224 | N11: 0.0109 | O11: 0.0005 | P11: 0.0114
A12: June 2023 | B12: Northern | C12: 37 | D12: 12879.308 | E12: 0.27668 | F12: 963.57319 | G12: 250.6724 | H12: 0 | I12: 0 | J12: 14093.83 | K12: 14947.108 | L12: -853.27811 | M12: 9849.143 | N12: 0.0178 | O12: 0 | P12: 0.0178
A13: June 2023 | B13: Southern | C13: 33 | D13: 5502.8455 | E13: 4601.9889 | F13: 438.63323 | G13: 1984.8388 | H13: 0 | I13: 0 | J13: 12528.306 | K13: 12833.548 | L13: -305.24117 | M13: 4731.4367 | N13: 0.1584 | O13: 0 | P13: 0.1584
A14: June 2023 | B14: Western | C14: 72 | D14: 19301.231 | E14: 437 | F14: 3151.1659 | G14: 2379.1894 | H14: 315.9887 | I14: 2564.0408 | J14: 28148.615 | K14: 27474.699 | L14: 673.91626 | M14: 14485.386 | N14: 0.0845 | O14: 0.0112 | P14: 0.0957
... A138: January 2026 | B138: Western | C138: 69 | D138: 20678.156 | E138: 868.548 | F138: 4392.7956 | G138: 975.88515 | H138: 1854.966 | I138: 1158.1154 | J138: 29928.466 | K138: 29227.581 | L138: 700.88451 | M138: 21129.099 | N138: 0.0326 | O138: 0.062 | P138: 0.0946

Sheet Plant Summary
A1: Plant-Level Cumulative Summary — April 2023 to January 2026 | Quantities in '000 Tonnes (Cumulative)
A2: Plant / TPS Name | B2: Region | C2: State | D2: Coordinates | E2: Installed MW | F2: Periods (#) | G2: CIL (Cumul.) | H2: SCCL (Cumul.) | I2: Captive (Cumul.) | J2: E-Auction (Cumul.) | K2: Import (Cumul.) | L2: Others (Cumul.) | M2: Total Receipt (Cumul.) | N2: Total Consump. (Cumul.) | O2: Latest Stocks | P2: Avg Stock Cover (Days) | Q2: CIL % | R2: E-Auction % | S2: Market Coal %
A3: ◆ EASTERN REGION
A4: BANDEL TPS | B4: Eastern | C4: West Bengal | D4: 22.995705, 88.404090 | E4: 270 | F4: 34 | G4: 43.003 | H4: 0 | I4: 3730.524 | J4: 0 | K4: 0 | L4: 7.626 | M4: 3781.153 | N4: 3741.253 | O4: 58.1 | P4: 12.672727 | Q4: 0.0114 | R4: 0 | S4: 0
A5: BARAUNI TPS | B5: Eastern | C5: Bihar | D5: 25.391300, 86.023400 | E5: 710 | F5: 34 | G5: 826.68 | H5: 0 | I5: 5334.19 | J5: 0 | K5: 0 | L5: 510.13 | M5: 6671 | N5: 6520.431 | O5: 159.84 | P5: 24.175758 | Q5: 0.1239 | R5: 0 | S5: 0
A6: BARH STPS | B6: Eastern | C6: Bihar | D6: 25.469300, 85.745100 | E6: 2640 | F6: 34 | G6: 16095.488 | H6: 0 | I6: 14681.33 | J6: 282.294 | K6: 329.268 | L6: 525.46 | M6: 31913.84 | N6: 31410.729 | O6: 845.5 | P6: 19.115152 | Q6: 0.5043 | R6: 0.0088 | S6: 0.0191
A7: BOKARO TPS `A` EXP | B7: Eastern | C7: Jharkhand | D7: 23.782944, 85.883391 | E7: 500 | F7: 34 | G7: 5248.1177 | H7: 0 | I7: 283.85 | J7: 6.506 | K7: 6.631 | L7: 0 | M7: 5545.1047 | N7: 5491.491 | O7: 181.24 | P7: 35.08125 | Q7: 0.9464 | R7: 0.0012 | S7: 0.0024
A8: BUDGE BUDGE TPS | B8: Eastern | C8: West Bengal | D8: 22.468889, 88.139722 | E8: 750 | F8: 34 | G8: 3126.6589 | H8: 0 | I8: 3159.3007 | J8: 2359.9733 | K8: 0 | L8: 841.8804 | M8: 9487.8133 | N8: 9767.7858 | O8: 149.19 | P8: 17.236364 | Q8: 0.3295 | R8: 0.2487 | S8: 0.2487
A9: BUXAR TPP | B9: Eastern | C9: Bihar | D9: 25.509199, 83.892355 | E9: 660 | F9: 3 | G9: 378.59722 | H9: 0 | I9: 0 | J9: 0 | K9: 0 | L9: 0 | M9: 378.59722 | N9: 326.265 | O9: 79.68 | P9: 11.7 | Q9: 1 | R9: 0 | S9: 0
A10: CHANDRAPURA(DVC) TPS | B10: Eastern | C10: Jharkhand | D10: 23.738136, 86.127145 | E10: 500 | F10: 34 | G10: 4591.25 | H10: 0 | I10: 2146.655 | J10: 37.709 | K10: 25.718 | L10: 0 | M10: 6801.332 | N10: 6888.8019 | O10: 147.72 | P10: 26.609091 | Q10: 0.6751 | R10: 0.0055 | S10: 0.0093
A11: D.P.L. TPS | B11: Eastern | C11: West Bengal | D11: 23.521100, 87.302300 | E11: 550 | F11: 34 | G11: 4032.6282 | H11: 0 | I11: 1930.7633 | J11: 61.611 | K11: 0 | L11: 347.652 | M11: 6372.6545 | N11: 6291.7951 | O11: 52.17 | P11: 12.445455 | Q11: 0.6328 | R11: 0.0097 | S11: 0.0097
A12: DARLIPALI STPS | B12: Eastern | C12: Odisha | D12: 21.963554, 83.891870 | E12: 1600 | F12: 34 | G12: 789.03 | H12: 0 | I12: 23872.62 | J12: 0 | K12: 0 | L12: 0 | M12: 24661.65 | N12: 24557.844 | O12: 372.43 | P12: 20.657576 | Q12: 0.032 | R12: 0 | S12: 0
A13: DERANG TPP | B13: Eastern | C13: Odisha | D13: 21.123800, 84.984300 | E13: 1200 | F13: 34 | G13: 13276.821 | H13: 0 | I13: 0 | J13: 3702.522 | K13: 0 | L13: 1677.3193 | M13: 18656.662 | N13: 17800.161 | O13: 1316.05 | P13: 58.806061 | Q13: 0.7116 | R13: 0.1985 | S13: 0.1985
A14: DISHERGARH TPP | B14: Eastern | C14: West Bengal | D14: 23.690640, 86.827350 | E14: 12 | F14: 23 | G14: 98.594 | H14: 0 | I14: 0 | J14: 0 | K14: 0 | L14: 0 | M14: 98.594 | N14: 92.306 | O14: 8.1 | P14: 36.455556 | Q14: 1 | R14: 0 | S14: 0
A15: DURGAPUR STEEL TPS | B15: Eastern | C15: West Bengal | D15: 23.580000, 87.204300 | E15: 1000 | F15: 34 | G15: 11791.735 | H15: 44.834 | I15: 133.276 | J15: 133.328 | K15: 30.247 | L15: 38.604 | M15: 12172.024 | N15: 11997.777 | O15: 237.33 | P15: 21.018182 | Q15: 0.9688 | R15: 0.011 | S15: 0.0135
... A40: TENUGHAT TPS | B40: Eastern | C40: Jharkhand | D40: 23.757300, 85.893600 | E40: 420 | F40: 34 | G40: 5019.546 | H40: 0 | I40: 0 | J40: 0 | K40: 0 | L40: 0 | M40: 5019.546 | N40: 4637.255 | O40: 381.15 | P40: 33.630303 | Q40: 1 | R40: 0 | S40: 0
A41: TITAGARH TPS | B41: Eastern | C41: West Bengal | D41: 22.731944, 88.370556 | E41: 240 | F41: 25 | G41: 0 | H41: 0 | I41: 0 | J41: 0 | K41: 0 | L41: 0 | M41: 0 | N41: 0 | O41: 0 | P41: — | Q41: 0 | R41: 0 | S41: 0
A42: UTKAL TPP (IND BARATH) | B42: Eastern | C42: Odisha | D42: 21.657942, 83.919513 | E42: 350 | F42: 22 | G42: 600.2712 | H42: 0 | I42: 0 | J42: 0 | K42: 0 | L42: 0 | M42: 600.2712 | N42: 495.5478 | O42: 240.427 | P42: 79.566667 | Q42: 1 | R42: 0 | S42: 0
A43: VEDANTA TPP | B43: Eastern | C43: Odisha | D43: 21.814523, 84.039929 | E43: 600 | F43: 34 | G43: 6037.7633 | H43: 0 | I43: 0 | J43: 0 | K43: 0 | L43: 12.94 | M43: 6050.7033 | N43: 6082.4755 | O43: 102.96 | P43: 22.093548 | Q43: 0.9979 | R43: 0 | S43: 0
A44: ◆ NORTHERN REGION
A45: ANPARA C TPS | B45: Northern | C45: Uttar Pradesh | D45: 24.204112, 82.797685 | E45: 1200 | F45: 34 | G45: 14575.528 | H45: 0 | I45: 0 | J45: 0 | K45: 0 | L45: 0 | M45: 14575.528 | N45: 14787.402 | O45: 56.53 | P45: 13.187879 | Q45: 1 | R45: 0 | S45: 0
A46: ANPARA TPS | B46: Northern | C46: Uttar Pradesh | D46: 26.192778, 79.940278 | E46: 2630 | F46: 34 | G46: 34423.249 | H46: 0 | I46: 0 | J46: 0 | K46: 0 | L46: 0 | M46: 34423.249 | N46: 34488.04 | O46: 865.24 | P46: 19.50303 | Q46: 1 | R46: 0 | S46: 0
A47: BARKHERA TPS | B47: Northern | C47: Uttar Pradesh | D47: 28.474784, 79.804071 | E47: 90 | F47: 34 | G47: 823.642 | H47: 0 | I47: 0 | J47: 0 | K47: 0 | L47: 0 | M47: 823.642 | N47: 813.454 | O47: 46.27 | P47: 114.76364 | Q47: 1 | R47: 0 | S47: 0
A48: CHHABRA-I PH-1 TPP | B48: Northern | C48: Rajasthan | D48: 24.620920, 77.035439 | E48: 500 | F48: 34 | G48: 5019.4302 | H48: 0 | I48: 0 | J48: 1.94 | K48: 0 | L48: 0 | M48: 5021.3702 | N48: 6600.1669 | O48: 135.0604 | P48: 24 | Q48: 0.9996 | R48: 0.0004 | S48: 0.0004
A49: CHHABRA-I PH-2 TPP | B49: Northern | C49: Rajasthan | D49: 24.620920, 77.035439 | E49: 500 | F49: 34 | G49: 3492.8194 | H49: 0 | I49: 4203.2948 | J49: 1.94 | K49: 0 | L49: 0 | M49: 7698.0542 | N49: 6019.8669 | O49: 123.8386 | P49: 19.775758 | Q49: 0.4537 | R49: 0.0003 | S49: 0.0003
A50: CHHABRA-II TPP | B50: Northern | C50: Uttar Pradesh | D50: 25.214299, 81.650820 | E50: 1320 | F50: 34 | G50: 2813.7418 | H50: 363.65167 | I50: 9405.7362 | J50: 248.53419 | K50: 0 | L50: 0 | M50: 12831.664 | N50: 12506.622 | O50: 431.09 | P50: 24.015152 | Q50: 0.2193 | R50: 0.0194 | S50: 0.0194
A51: DADRI (NCTPP) | B51: Northern | C51: Uttar Pradesh | D51: 28.602951, 77.608163 | E51: 1820 | F51: 34 | G51: 14983.04 | H51: 12.24 | I51: 2756.03 | J51: 439.607 | K51: 625.75 | L51: 507.25 | M51: 19323.917 | N51: 19036.411 | O51: 296.05 | P51: 23.545455 | Q51: 0.7754 | R51: 0.0227 | S51: 0.0551
A52: GH TPS (LEH.MOH.) | B52: Northern | C52: Punjab | D52: 30.266600, 75.166100 | E52: 920 | F52: 34 | G52: 2172.4977 | H52: 0 | I52: 6836.7158 | J52: 0 | K52: 0 | L52: 6.35138 | M52: 9015.5649 | N52: 8889.733 | O52: 361.67 | P52: 36.666667 | Q52: 0.241 | R52: 0 | S52: 0
A53: GHATAMPUR TPP | B53: Northern | C53: Uttar Pradesh | D53: 26.170025, 80.169886 | E53: 660 | F53: 13 | G53: 2765.761 | H53: 0 | I53: 0 | J53: 4.001 | K53: 0 | L53: 0 | M53: 2769.762 | N53: 2558.234 | O53: 181.08 | P53: 14.145455 | Q53: 0.9986 | R53: 0.0014 | S53: 0.0014
A54: GOINDWAL SAHIB TPP | B54: Northern | C54: Punjab | D54: 31.384100, 75.146400 | E54: 540 | F54: 34 | G54: 1866.9885 | H54: 0 | I54: 3134.9508 | J54: 0 | K54: 0 | L54: 0 | M54: 5001.9393 | N54: 4869.4105 | O54: 157.41 | P54: 28.99697 | Q54: 0.3733 | R54: 0 | S54: 0
A55: HARDUAGANJ TPS | B55: Northern | C55: Uttar Pradesh | D55: 28.017861, 78.129366 | E55: 1265 | F55: 34 | G55: 11495.694 | H55: 0 | I55: 0 | J55: 0 | K55: 0 | L55: 0 | M55: 11495.694 | N55: 11336.54 | O55: 483.95 | P55: 46.284848 | Q55: 1 | R55: 0 | S55: 0
A56: INDIRA GANDHI STPP | B56: Northern | C56: Haryana | D56: 28.485091, 76.373160 | E56: 1500 | F56: 34 | G56: 15641.17 | H56: 104.31868 | I56: 0 | J56: 352.0228 | K56: 83.842 | L56: 4.98059 | M56: 16186.334 | N56: 15938.352 | O56: 367.3 | P56: 39.039394 | Q56: 0.9663 | R56: 0.0217 | S56: 0.0269
... A68: OBRA TPS | B68: Northern | C68: Uttar Pradesh | D68: 24.445478, 82.980707 | E68: 1000 | F68: 34 | G68: 16873.304 | H68: 0 | I68: 0 | J68: 0 | K68: 0 | L68: 0 | M68: 16873.304 | N68: 16159.16 | O68: 674.05 | P68: 16.142424 | Q68: 1 | R68: 0 | S68: 0
A69: OBRA-C STPP | B69: Northern | C69: Uttar Pradesh | D69: 24.445478, 82.980707 | E69: 660 | F69: 1 | G69: 0 | H69: 0 | I69: 0 | J69: 0 | K69: 0 | L69: 0 | M69: 0 | N69: 0 | O69: 0 | P69: — | Q69: 0 | R69: 0 | S69: 0
A70: PANIPAT TPS | B70: Northern | C70: Haryana | D70: 29.398300, 76.875450 | E70: 710 | F70: 34 | G70: 8000.818 | H70: 0 | I70: 0 | J70: 7.898 | K70: 0 | L70: 20.064 | M70: 8028.78 | N70: 7976.47 | O70: 440.401 | P70: 50.793939 | Q70: 0.9965 | R70: 0.001 | S70: 0.001
A71: PANKI TPS EXT | B71: Northern | C71: Uttar Pradesh | D71: 26.476064, 80.241920 | E71: 660 | F71: 11 | G71: 1296.1847 | H71: 0 | I71: 0 | J71: 0 | K71: 0 | L71: 0 | M71: 1296.1847 | N71: 1174.7611 | O71: 101 | P71: 59.4 | Q71: 1 | R71: 0 | S71: 0
A72: PARICHHA TPS | B72: Northern | C72: Uttar Pradesh | D72: 25.513571, 78.757918 | E72: 1140 | F72: 34 | G72: 11126.191 | H72: 0 | I72: 0 | J72: 0 | K72: 4.145 | L72: 0 | M72: 11130.336 | N72: 11084.152 | O72: 161.257 | P72: 21.639394 | Q72: 0.9996 | R72: 0 | S72: 0.0004
A73: PRAYAGRAJ TPP | B73: Northern | C73: Uttar Pradesh | D73: 25.196345, 81.658534 | E73: 1980 | F73: 34 | G73: 21787.912 | H73: 0 | I73: 0 | J73: 0 | K73: 0 | L73: 0 | M73: 21787.912 | N73: 21690.77 | O73: 607.11 | P73: 24.930303 | Q73: 1 | R73: 0 | S73: 0
A74: RAJIV GANDHI TPS | B74: Northern | C74: Haryana | D74: 29.347597, 75.857981 | E74: 1200 | F74: 34 | G74: 10071.999 | H74: 0 | I74: 0 | J74: 0 | K74: 0 | L74: 0 | M74: 10071.999 | N74: 9894.167 | O74: 645.859 | P74: 53.409375 | Q74: 1 | R74: 0 | S74: 0
A75: RAJPURA TPP | B75: Northern | C75: Punjab | D75: 30.558963, 76.577593 | E75: 1400 | F75: 34 | G75: 15957.385 | H75: 0 | I75: 0 | J75: 38.63383 | K75: 0 | L75: 0 | M75: 15996.019 | N75: 16036.128 | O75: 392.78 | P75: 22.827273 | Q75: 0.9976 | R75: 0.0024 | S75: 0.0024
A76: RIHAND STPS | B76: Northern | C76: Uttar Pradesh | D76: 24.028372, 82.792037 | E76: 3000 | F76: 34 | G76: 40233.94 | H76: 0 | I76: 0 | J76: 0 | K76: 0 | L76: 0 | M76: 40233.94 | N76: 40424.716 | O76: 864.23 | P76: 22.130303 | Q76: 1 | R76: 0 | S76: 0
A77: ROPAR TPS | B77: Northern | C77: Punjab | D77: 31.041700, 76.584700 | E77: 840 | F77: 34 | G77: 2405.9258 | H77: 0 | I77: 5765.165 | J77: 0 | K77: 0 | L77: 0.131 | M77: 8171.2218 | N77: 8116.9057 | O77: 413.15 | P77: 52.924242 | Q77: 0.2944 | R77: 0 | S77: 0
A78: ROSA TPP Ph-I | B78: Northern | C78: Uttar Pradesh | D78: 27.819446, 79.937162 | E78: 1200 | F78: 34 | G78: 13489.154 | H78: 0 | I78: 0 | J78: 0 | K78: 0 | L78: 0 | M78: 13489.154 | N78: 13129.82 | O78: 553.01 | P78: 23.257576 | Q78: 1 | R78: 0 | S78: 0
A79: SHREE CEMENT LTD TPS | B79: Northern | C79: Rajasthan | D79: 26.264242, 74.188126 | E79: 300 | F79: 28 | G79: 2.286 | H79: 0 | I79: 0 | J79: 26 | K79: 1096.861 | L79: 11.277 | M79: 1136.424 | N79: 1173.224 | O79: 0 | P79: 2.0478261 | Q79: 0.002 | R79: 0.0229 | S79: 0.9881
A80: SINGRAULI STPS | B80: Northern | C80: Uttar Pradesh | D80: 24.103613, 82.707294 | E80: 2000 | F80: 34 | G80: 28371.507 | H80: 0 | I80: 3.39 | J80: 0 | K80: 0 | L80: 0 | M80: 28374.897 | N80: 28357.826 | O80: 299.53 | P80: 14.40303 | Q80: 0.9999 | R80: 0 | S80: 0
A81: SURATGARH STPS | B81: Northern | C81: Rajasthan | D81: 29.181766, 74.018741 | E81: 1320 | F81: 34 | G81: 5778.1572 | H81: 0 | I81: 6436.8319 | J81: 229.08151 | K81: 0 | L81: 0 | M81: 12444.071 | N81: 12192.695 | O81: 396.28 | P81: 20.766667 | Q81: 0.4643 | R81: 0.0184 | S81: 0.0184
... A87: YAMUNA NAGAR TPS | B87: Northern | C87: Haryana | D87: 30.108100, 77.325700 | E87: 600 | F87: 34 | G87: 7472.561 | H87: 0 | I87: 0 | J87: 0 | K87: 0 | L87: 0 | M87: 7472.561 | N87: 7309.371 | O87: 410.08 | P87: 76.718182 | Q87: 1 | R87: 0 | S87: 0
A88: ◆ SOUTHERN REGION
A89: ADANI POWER LIMITED UDUPI TPP | B89: Southern | C89: Karnataka | D89: 13.159600, 74.800200 | E89: 1200 | F89: 22 | G89: 0 | H89: 0 | I89: 0 | J89: 1403.463 | K89: 3622.008 | L89: 0 | M89: 5025.471 | N89: 4680.985 | O89: 151.11 | P89: 24.147619 | Q89: 0 | R89: 0.2793 | S89: 1
A90: BELLARY TPS | B90: Southern | C90: Karnataka | D90: 15.193174, 76.719503 | E90: 1700 | F90: 34 | G90: 4166.3906 | H90: 4994.5781 | I90: 9008.6349 | J90: 0 | K90: 237.49708 | L90: 0 | M90: 18407.101 | N90: 18183.69 | O90: 206.0725 | P90: 15.360606 | Q90: 0.2263 | R90: 0 | S90: 0.0129
A91: BHADRADRI TPP | B91: Southern | C91: Telangana | D91: 18.027488, 80.735645 | E91: 1080 | F91: 34 | G91: 0 | H91: 12453.407 | I91: 0 | J91: 0 | K91: 0 | L91: 0 | M91: 12453.407 | N91: 12403.823 | O91: 107.56 | P91: 18.475758 | Q91: 0 | R91: 0 | S91: 0
A92: DAMODARAM SANJEEVAIAH TPS | B92: Southern | C92: Andhra Pradesh | D92: 14.328902, 80.120924 | E92: 2400 | F92: 34 | G92: 19399.593 | H92: 0 | I92: 0 | J92: 542.28283 | K92: 308.14005 | L92: 0 | M92: 20250.016 | N92: 20095.103 | O92: 199.71 | P92: 4.5757576 | Q92: 0.958 | R92: 0.0268 | S92: 0.042
A93: Dr. N.TATA RAO TPS | B93: Southern | C93: Andhra Pradesh | D93: 19.597300, 80.538200 | E93: 1760 | F93: 34 | G93: 23904.578 | H93: 7806.2991 | I93: 0 | J93: 0 | K93: 0 | L93: 0 | M93: 31710.877 | N93: 31066.808 | O93: 570.6 | P93: 7.5121212 | Q93: 0.7538 | R93: 0 | S93: 0
A94: ITPCL TPP | B94: Southern | C94: Tamil Nadu | D94: 11.521400, 79.751500 | E94: 1200 | F94: 34 | G94: 0 | H94: 0 | I94: 0 | J94: 2685.4009 | K94: 8528.5553 | L94: 0 | M94: 11213.956 | N94: 10997.892 | O94: 501.2959 | P94: 31.627273 | Q94: 0 | R94: 0.2395 | S94: 1
A95: KAKATIYA TPS | B95: Southern | C95: Telangana | D95: 18.383193, 79.827100 | E95: 1100 | F95: 34 | G95: 0 | H95: 8001.37 | I95: 4109.55 | J95: 0 | K95: 0 | L95: 0 | M95: 12110.92 | N95: 12190.211 | O95: 254.506 | P95: 26.324242 | Q95: 0 | R95: 0 | S95: 0
A96: KOTHAGUDEM TPS (NEW) | B96: Southern | C96: Telangana | D96: 17.621141, 80.690900 | E96: 1000 | F96: 34 | G96: 0 | H96: 11939.318 | I96: 0 | J96: 0 | K96: 0 | L96: 0 | M96: 11939.318 | N96: 11940.698 | O96: 193.051 | P96: 25.254545 | Q96: 0 | R96: 0 | S96: 0
A97: KOTHAGUDEM TPS (STAGE-7) | B97: Southern | C97: Telangana | D97: 17.621141, 80.690900 | E97: 800 | F97: 34 | G97: 0 | H97: 8254.225 | I97: 0 | J97: 0 | K97: 0 | L97: 0 | M97: 8254.225 | N97: 8137.3041 | O97: 157.679 | P97: 17.269697 | Q97: 0 | R97: 0 | S97: 0
A98: KUDGI STPP | B98: Southern | C98: Karnataka | D98: 16.499546, 75.834631 | E98: 2400 | F98: 34 | G98: 10264.034 | H98: 6340.6831 | I98: 3976.8559 | J98: 723.0758 | K98: 948.215 | L98: 443.28 | M98: 22696.144 | N98: 22267.735 | O98: 508.35 | P98: 21.642424 | Q98: 0.4522 | R98: 0.0319 | S98: 0.0737
A99: LIMITED UDUPI TPP | B99: Southern | C99: Karnataka | D99: 13.159600, 74.800200 | E99: 1200 | F99: 9 | G99: 0 | H99: 0 | I99: 0 | J99: 0 | K99: 1342.497 | L99: 0 | M99: 1342.497 | N99: 1581.541 | O99: 51.72 | P99: 100.5 | Q99: 0 | R99: 0 | S99: 1
A100: MEENAKSHI ENERGY LTD | B100: Southern | C100: Andhra Pradesh | D100: 14.204293, 80.086599 | E100: 1000 | F100: 1 | G100: 14.766 | H100: 0 | I100: 0 | J100: 26.5048 | K100: 50.05614 | L100: 0 | M100: 91.32694 | N100: 104.983 | O100: 28.533 | P100: 8.2 | Q100: 0.1617 | R100: 0.2902 | S100: 0.8383
... A119: SINGARENI TPP | B119: Southern | C119: Telangana | D119: 18.827000, 79.570200 | E119: 1200 | F119: 34 | G119: 0 | H119: 14401.094 | I119: 0 | J119: 0 | K119: 0 | L119: 0 | M119: 14401.094 | N119: 14362.907 | O119: 164.91 | P119: 11.906061 | Q119: 0 | R119: 0 | S119: 0
A120: TCP Limited | B120: Southern | C120: Tamil Nadu | D120: 13.406731, 80.109904 | E120: 63.5 | F120: 13 | G120: 0 | H120: 0 | I120: 0 | J120: 0 | K120: 0 | L120: 0 | M120: 0 | N120: 0 | O120: 0 | P120: — | Q120: 0 | R120: 0 | S120: 0
A121: TELANGANA STPP PH-1 | B121: Southern | C121: Telangana | D121: 18.751027, 79.472175 | E121: 800 | F121: 28 | G121: 1044.79 | H121: 10615.61 | I121: 1132.58 | J121: 0 | K121: 0 | L121: 520.81 | M121: 13313.79 | N121: 13059.801 | O121: 379.97 | P121: 22.685185 | Q121: 0.0785 | R121: 0 | S121: 0
A122: THAMMINAPATNAM TPS | B122: Southern | C122: Andhra Pradesh | D122: 14.204576, 80.086636 | E122: 300 | F122: 33 | G122: 28.7851 | H122: 0 | I122: 0 | J122: 0 | K122: 479.5981 | L122: 0 | M122: 508.3832 | N122: 554.9722 | O122: 42.19 | P122: 21.2 | Q122: 0.0566 | R122: 0 | S122: 0.9434
A123: TORANGALLU TPS(SBU-I) | B123: Southern | C123: Karnataka | D123: 15.183900, 76.662200 | E123: 260 | F123: 34 | G123: 0 | H123: 0 | I123: 0 | J123: 448.93 | K123: 962.97 | L123: 0 | M123: 1411.9 | N123: 1411.8994 | O123: 0 | P123: 0 | Q123: 0 | R123: 0.318 | S123: 1
A124: TORANGALLU TPS(SBU-II) | B124: Southern | C124: Karnataka | D124: 15.183900, 76.662200 | E124: 600 | F124: 34 | G124: 0 | H124: 0 | I124: 0 | J124: 808.74 | K124: 2435.53 | L124: 0 | M124: 3244.27 | N124: 3209.6797 | O124: 5.7 | P124: 7.1484848 | Q124: 0 | R124: 0.2493 | S124: 1
A125: TUTICORIN (P) TPP | B125: Southern | C125: Tamil Nadu | D125: 8.816000, 78.089000 | E125: 300 | F125: 34 | G125: 0 | H125: 0 | I125: 0 | J125: 0 | K125: 0 | L125: 0 | M125: 0 | N125: 0 | O125: 0 | P125: — | Q125: 0 | R125: 0 | S125: 0
A126: TUTICORIN TPP ST-IV | B126: Southern | C126: Tamil Nadu | D126: 8.816000, 78.089000 | E126: 525 | F126: 34 | G126: 0 | H126: 0 | I126: 0 | J126: 1119.122 | K126: 3108.431 | L126: 0 | M126: 4227.553 | N126: 4239.686 | O126: 8.57 | P126: 4.68125 | Q126: 0 | R126: 0.2647 | S126: 1
A127: TUTICORIN TPS | B127: Southern | C127: Tamil Nadu | D127: 8.816000, 78.089000 | E127: 1050 | F127: 34 | G127: 14088.914 | H127: 0 | I127: 0 | J127: 0 | K127: 0 | L127: 84.443 | M127: 14173.357 | N127: 14125.177 | O127: 208.95 | P127: 20.8 | Q127: 0.994 | R127: 0 | S127: 0
A128: UDUPI TPP | B128: Southern | C128: Karnataka | D128: 13.159600, 74.800200 | E128: 1200 | F128: 3 | G128: 27.043 | H128: 0 | I128: 0 | J128: 376.5829 | K128: 0 | L128: 11.72957 | M128: 415.35547 | N128: 431.976 | O128: 31.53 | P128: 23.366667 | Q128: 0.0651 | R128: 0.9067 | S128: 0.9067
A129: VALLUR TPP | B129: Southern | C129: Tamil Nadu | D129: 13.237131, 80.301755 | E129: 1500 | F129: 34 | G129: 15916.951 | H129: 1094.292 | I129: 0 | J129: 227.561 | K129: 0 | L129: 0 | M129: 17238.804 | N129: 16845.832 | O129: 631.64 | P129: 28.212121 | Q129: 0.9233 | R129: 0.0132 | S129: 0.0132
A130: VIZAG TPP | B130: Southern | C130: Andhra Pradesh | D130: 17.563500, 83.138200 | E130: 1040 | F130: 34 | G130: 10333.045 | H130: 0 | I130: 0 | J130: 375.06188 | K130: 270.18997 | L130: 0 | M130: 10978.297 | N130: 10910.331 | O130: 86.911 | P130: 9.8090909 | Q130: 0.9412 | R130: 0.0342 | S130: 0.0588
A131: YADADRI TPS | B131: Southern | C131: Telangana | D131: 16.716228, 79.630625 | E131: 800 | F131: 11 | G131: 0 | H131: 3789.215 | I131: 0 | J131: 0 | K131: 0 | L131: 0 | M131: 3789.215 | N131: 3552.211 | O131: 245.199 | P131: 59.42 | Q131: 0 | R131: 0 | S131: 0
A132: YERMARUS TPP | B132: Southern | C132: Karnataka | D132: 16.294900, 77.356800 | E132: 1600 | F132: 34 | G132: 0 | H132: 10624.019 | I132: 0 | J132: 0 | K132: 401.94414 | L132: 0 | M132: 11025.963 | N132: 10965.186 | O132: 260.42 | P132: 27.30303 | Q132: 0 | R132: 0 | S132: 0.0365
A133: ◆ WESTERN REGION
A134: ADANI POWER LIMITED MUNDRA TPP - III | B134: Western | C134: Gujarat | D134: 22.823545, 69.557496 | E134: 1980 | F134: 31 | G134: 0 | H134: 0 | I134: 0 | J134: 3266.259 | K134: 14071.741 | L134: 0 | M134: 17338 | N134: 17300.378 | O134: 78.144 | P134: 4.4366667 | Q134: 0 | R134: 0.1884 | S134: 1
A135: ADANI POWER LIMITED RAIGARH TPP | B135: Western | C135: Chhattisgarh | D135: 21.984600, 83.233100 | E135: 600 | F135: 31 | G135: 6012.181 | H135: 0 | I135: 0 | J135: 600.181 | K135: 42.885 | L135: 946.494 | M135: 7601.741 | N135: 7471.712 | O135: 287.254 | P135: 268.50333 | Q135: 0.7909 | R135: 0.079 | S135: 0.0846
A136: ADANI POWER LIMITED RAIPUR TPP | B136: Western | C136: Chhattisgarh | D136: 22.448516, 83.198225 | E136: 1370 | F136: 31 | G136: 12392.94 | H136: 66.97 | I136: 0 | J136: 750.577 | K136: 469.043 | L136: 1751.183 | M136: 15430.713 | N136: 15316.205 | O136: 261.55 | P136: 11.7 | Q136: 0.8031 | R136: 0.0486 | S136: 0.079
A137: ADANI POWER LIMITED TIRODA TPP | B137: Western | C137: Maharashtra | D137: 21.412502, 79.967310 | E137: 3300 | F137: 31 | G137: 34333.244 | H137: 0 | I137: 0 | J137: 0 | K137: 230.422 | L137: 0 | M137: 34563.666 | N137: 34687.679 | O137: 598.95 | P137: 10.053333 | Q137: 0.9933 | R137: 0 | S137: 0.0067
A138: AKALTARA TPS | B138: Western | C138: Chhattisgarh | D138: 21.960296, 82.409064 | E138: 1800 | F138: 33 | G138: 18437.272 | H138: 0 | I138: 0 | J138: 335.873 | K138: 110.7457 | L138: 660.0246 | M138: 19543.916 | N138: 19434.522 | O138: 562.43 | P138: 22.921875 | Q138: 0.9434 | R138: 0.0172 | S138: 0.0229
A139: AMARKANTAK EXT TPS | B139: Western | C139: Madhya Pradesh | D139: 23.162929, 81.634124 | E139: 210 | F139: 34 | G139: 3021.178 | H139: 0 | I139: 0 | J139: 0 | K139: 0 | L139: 0 | M139: 3021.178 | N139: 2999.753 | O139: 61.81 | P139: 19.590625 | Q139: 1 | R139: 0 | S139: 0
A140: AMRAVATI TPS | B140: Western | C140: Maharashtra | D140: 21.078200, 77.900900 | E140: 1350 | F140: 34 | G140: 17605.605 | H140: 0 | I140: 0 | J140: 12.951 | K140: 0 | L140: 0 | M140: 17618.556 | N140: 17723.54 | O140: 100.82 | P140: 11.409091 | Q140: 0.9993 | R140: 0.0007 | S140: 0.0007
A141: ANUPPUR TPP | B141: Western | C141: Madhya Pradesh | D141: 23.066275, 81.784374 | E141: 1250 | F141: 34 | G141: 11834.59 | H141: 0 | I141: 0 | J141: 3117.96 | K141: 0 | L141: 1701.12 | M141: 16653.67 | N141: 16373.19 | O141: 663.64 | P141: 20.245455 | Q141: 0.7106 | R141: 0.1872 | S141: 0.1872
A142: AVANTHA BHANDAR | B142: Western | C142: Chhattisgarh | D142: 21.743775, 83.274093 | E142: 600 | F142: 3 | G142: 844.613 | H142: 0 | I142: 0 | J142: 0 | K142: 19.489 | L142: 0 | M142: 864.102 | N142: 918.714 | O142: 106.49 | P142: 14.6 | Q142: 0.9774 | R142: 0 | S142: 0.0226
A143: BALCO TPS | B143: Western | C143: Chhattisgarh | D143: 22.393119, 82.743301 | E143: 600 | F143: 34 | G143: 4270.554 | H143: 151.8 | I143: 0 | J143: 1184.332 | K143: 0 | L143: 733.569 | M143: 6340.255 | N143: 6428.1771 | O143: 53.61 | P143: 8.369697 | Q143: 0.6736 | R143: 0.1868 | S143: 0.1868
A144: BANDAKHAR TPP | B144: Western | C144: Chhattisgarh | D144: 22.342100, 82.430500 | E144: 300 | F144: 34 | G144: 3420.189 | H144: 0 | I144: 0 | J144: 569.785 | K144: 29.825 | L144: 225.005 | M144: 4244.804 | N144: 4299.1902 | O144: 157.6 | P144: 29.945455 | Q144: 0.8057 | R144: 0.1342 | S144: 0.1412
A145: BARADARHA TPS | B145: Western | C145: Chhattisgarh | D145: 21.911436, 83.188863 | E145: 1200 | F145: 34 | G145: 13451.33 | H145: 0 | I145: 0 | J145: 1341.293 | K145: 0 | L145: 2453.139 | M145: 17245.762 | N145: 17083.596 | O145: 458.23 | P145: 18.721212 | Q145: 0.78 | R145: 0.0778 | S145: 0.0778
... A158: GANDHI NAGAR TPS | B158: Western | C158: Gujarat | D158: 23.251376, 72.672789 | E158: 630 | F158: 34 | G158: 4661.9126 | H158: 0 | I158: 0 | J158: 0 | K158: 103.72823 | L158: 0 | M158: 4765.6409 | N158: 4610.7035 | O158: 260.45 | P158: 133.6375 | Q158: 0.9782 | R158: 0 | S158: 0.0218
A159: GEPL TPP Ph-I | B159: Western | C159: Maharashtra | D159: 19.932400, 79.104000 | E159: 120 | F159: 34 | G159: 0 | H159: 0 | I159: 0 | J159: 0 | K159: 0 | L159: 0 | M159: 0 | N159: 0 | O159: 0 | P159: — | Q159: 0 | R159: 0 | S159: 0
A160: GMR WARORA TPS | B160: Western | C160: Maharashtra | D160: 20.279656, 78.975351 | E160: 600 | F160: 34 | G160: 6160.019 | H160: 0 | I160: 0 | J160: 1680.477 | K160: 0 | L160: 418.933 | M160: 8259.429 | N160: 8106.0022 | O160: 158.95 | P160: 11.790909 | Q160: 0.7458 | R160: 0.2035 | S160: 0.2035
A161: JSW Mahanadi Power Company Limited | B161: Western | C161: Chhattisgarh | D161: 21.960296, 82.409064 | E161: 1800 | F161: 1 | G161: 687.9735 | H161: 0 | I161: 0 | J161: 31.1046 | K161: 0 | L161: 0 | M161: 719.0781 | N161: 701.789 | O161: 579.81 | P161: 24.8 | Q161: 0.9567 | R161: 0.0433 | S161: 0.0433
A162: JSW RATNAGIRI TPP | B162: Western | C162: Maharashtra | D162: 17.297000, 73.212000 | E162: 300 | F162: 34 | G162: 0 | H162: 0 | I162: 0 | J162: 525 | K162: 1572 | L162: 0 | M162: 2097 | N162: 2180.763 | O162: 6.72 | P162: 36.481818 | Q162: 0 | R162: 0.2504 | S162: 1
A163: KASAIPALLI TPP | B163: Western | C163: Chhattisgarh | D163: 22.389116, 82.555148 | E163: 270 | F163: 34 | G163: 1704.6648 | H163: 0 | I163: 0 | J163: 0 | K163: 1322.3193 | L163: 1873.2961 | M163: 4900.2802 | N163: 4409.081 | O163: 6.4634 | P163: 25.536364 | Q163: 0.3479 | R163: 0 | S163: 0.2698
A164: KATGHORA TPP | B164: Western | C164: Chhattisgarh | D164: 22.489779, 82.606180 | E164: 35 | F164: 25 | G164: 0 | H164: 0 | I164: 0 | J164: 0 | K164: 0 | L164: 0 | M164: 0 | N164: 0 | O164: 0 | P164: — | Q164: 0 | R164: 0 | S164: 0
A165: KHAPARKHEDA TPS | B165: Western | C165: Maharashtra | D165: 21.281800, 79.116000 | E165: 1340 | F165: 34 | G165: 18300.218 | H165: 16.244 | I165: 0 | J165: 235.779 | K165: 1142.438 | L165: 7.06 | M165: 19701.739 | N165: 19795.814 | O165: 286.6 | P165: 13.893939 | Q165: 0.9289 | R165: 0.012 | S165: 0.07
A166: KHARGONE STPP | B166: Western | C166: Madhya Pradesh | D166: 22.056944, 75.843889 | E166: 1320 | F166: 34 | G166: 7987.2236 | H166: 548.49 | I166: 3604.83 | J166: 307.24 | K166: 368.13 | L166: 1049.95 | M166: 13865.864 | N166: 13939.195 | O166: 247.63 | P166: 27.984848 | Q166: 0.576 | R166: 0.0222 | S166: 0.0487
A167: KORADI TPS | B167: Western | C167: Maharashtra | D167: 21.235982, 79.091949 | E167: 2190 | F167: 34 | G167: 25904.877 | H167: 1897.364 | I167: 0 | J167: 0 | K167: 158.134 | L167: 0 | M167: 27960.375 | N167: 28060.396 | O167: 318.023 | P167: 12.860606 | Q167: 0.9265 | R167: 0 | S167: 0.0057
A168: KORBA STPS | B168: Western | C168: Chhattisgarh | D168: 22.385952, 82.683500 | E168: 2600 | F168: 34 | G168: 39581.87 | H168: 0 | I168: 0 | J168: 0 | K168: 0 | L168: 0 | M168: 39581.87 | N168: 39742.76 | O168: 448.69 | P168: 9.669697 | Q168: 1 | R168: 0 | S168: 0
A169: KORBA-WEST TPS | B169: Western | C169: Chhattisgarh | D169: 22.412613, 82.688566 | E169: 1340 | F169: 34 | G169: 19330.919 | H169: 0 | I169: 0 | J169: 0 | K169: 0 | L169: 0 | M169: 19330.919 | N169: 19251.05 | O169: 470.52 | P169: 11.151515 | Q169: 1 | R169: 0 | S169: 0
A170: LARA TPP | B170: Western | C170: Chhattisgarh | D170: 21.769855, 83.461904 | E170: 1600 | F170: 34 | G170: 1393.69 | H170: 0 | I170: 21936.91 | J170: 0.067 | K170: 0 | L170: 0 | M170: 23330.667 | N170: 23320.917 | O170: 499.47 | P170: 20.036364 | Q170: 0.0597 | R170: 0 | S170: 0
...

Sheet Variables
A1: Column | B1: Name
A3: Source of coals
A4: CIL | B4: Coal India Limited
A5: E-Auction | B5: Electronic auction | C5: Coal purchased through CIL's spot auction platform at market-discovered prices, typically 20–50% premium over FSA price. This is the most direct proxy for market-based coal procurement and the primary ETS-relevant variable in this dataset. Plants bid when FSA coal is insufficient. High E-Auction % = high price exposure. Volume correlates inversely with CIL supply adequacy.
A6: SCCL | B6: Singareni Collieries Company Limited | C6: A Telangana state PSU, the only major coal producer outside CIL. Primarily serves Southern and Western region plants (Andhra Pradesh, Telangana, Maharashtra). Plants with SCCL linkage are partly insulated from CIL supply shocks. Zero for Northern plants.
A7: Captive | C7: Coal from captive mines owned by the plant/parent company. These are blocks allocated directly to a power company — they mine their own coal. Examples: Adani Power (Parsa East), JSW, Vedanta. Captive supply is cost-efficient and supply-secure, making these plants largely ETS-independent. High captive % = low ETS vulnerability.
A8: Import | C8: Internationally imported coal, primarily from Indonesia, Australia, South Africa. Mostly used by coastal plants (Western coast: Mundra, Udupi; Southern: Ennore, Tuticorin). Priced in USD, highly volatile (exposed to global thermal coal prices). Import % typically rises when domestic E-Auction supply is tight. The 2023 period shows 7–9% import share — significantly higher than 2025 (4–5%), suggesting import substitution trend.

Sheet State Key
A1: Plant | B1: State | C1: Coordinates | D1: Latitude | E1: Longitude | F1: PM2.5 | G1: SO2
A2: {=UNIQUE('Master Data'!C4:C1000)} -> BAKRESWAR TPS | B2: West Bengal | C2: 23.829202829326025, 87.45166573824892 | D2: =VALUE(LEFT(C2, FIND(",", C2)-1)) -> 23.829203 | E2: =VALUE(TRIM(RIGHT(C2, LEN(C2)-FIND(",", C2)))) -> 87.451666 | F2: 5
A3: BANDEL TPS | B3: West Bengal | C3: 22.993459490018857, 88.40439285295527 | D3: =VALUE(LEFT(C3, FIND(",", C3)-1)) -> 22.993459 | E3: =VALUE(TRIM(RIGHT(C3, LEN(C3)-FIND(",", C3)))) -> 88.404393 | F3: 4
A4: BARAUNI TPS | B4: Bihar | C4: 25.400946710936868, 86.02202288002738 | D4: =VALUE(LEFT(C4, FIND(",", C4)-1)) -> 25.400947 | E4: =VALUE(TRIM(RIGHT(C4, LEN(C4)-FIND(",", C4)))) -> 86.022023 | F4: 3
A5: BARH STPS | B5: Bihar | C5: 25.488273732252495, 85.73691719537453 | D5: =VALUE(LEFT(C5, FIND(",", C5)-1)) -> 25.488274 | E5: =VALUE(TRIM(RIGHT(C5, LEN(C5)-FIND(",", C5)))) -> 85.736917 | F5: 2
A6: BOKARO TPS `A` EXP | B6: Jharkhand | C6: 23.786577398434446, 85.8794069559405 | D6: =VALUE(LEFT(C6, FIND(",", C6)-1)) -> 23.786577 | E6: =VALUE(TRIM(RIGHT(C6, LEN(C6)-FIND(",", C6)))) -> 85.879407 | F6: 1
A7: BUDGE BUDGE TPS | B7: West Bengal | C7: 22.466311214732713, 88.14007352224957 | D7: =VALUE(LEFT(C7, FIND(",", C7)-1)) -> 22.466311 | E7: =VALUE(TRIM(RIGHT(C7, LEN(C7)-FIND(",", C7)))) -> 88.140074 | F7: 5
A8: CHANDRAPURA(DVC) TPS | B8: Jharkhand | C8: 23.741948699750445, 86.12007382599734 | D8: =VALUE(LEFT(C8, FIND(",", C8)-1)) -> 23.741949 | E8: =VALUE(TRIM(RIGHT(C8, LEN(C8)-FIND(",", C8)))) -> 86.120074 | F8: 1
A9: D.P.L. TPS | B9: West Bengal | C9: 23.51989102640012, 87.30520887262757 | D9: =VALUE(LEFT(C9, FIND(",", C9)-1)) -> 23.519891 | E9: =VALUE(TRIM(RIGHT(C9, LEN(C9)-FIND(",", C9)))) -> 87.305209 | F9: 4
A10: DARLIPALI STPS | B10: Odisha | C10: 21.964189710299596, 83.89143277353463 | D10: =VALUE(LEFT(C10, FIND(",", C10)-1)) -> 21.96419 | E10: =VALUE(TRIM(RIGHT(C10, LEN(C10)-FIND(",", C10)))) -> 83.891433 | F10: 3.5
A11: DERANG TPP | B11: Odisha | C11: 21.126302666290904, 84.98623252220528
A12: DISHERGARH TPP | B12: West Bengal | C12: 23.690972065872916, 86.85381317264695
A13: DURGAPUR STEEL TPS | B13: West Bengal | C13: 23.581299668758863, 87.2076936855152
A14: FARAKKA STPS | B14: West Bengal | C14: 24.77354926398749, 87.89703503767562
A15: HALDIA TPP | B15: West Bengal | C15: 22.10312246232122, 88.17793313572948
A16: HIRANMAYE TPP | B16: West Bengal | C16: 22.077275436945826, 88.100879097907
A17: IB VALLEY TPS | B17: Odisha | C17: 21.69162375315987, 83.86242546455178
A18: JOJOBERA TPS | B18: Jharkhand | C18: 22.755489992042115, 86.24727329527514
A19: KAHALGAON TPS | B19: Bihar | C19: 25.237635101140896, 87.26740628372444
A20: KAMALANGA TPS | B20: Odisha | C20: 20.871033494494014, 85.26699099990599
A21: KODARMA TPP | B21: Jharkhand | C21: 24.395672373951346, 85.55814150343213
A22: KOLAGHAT TPS | B22: West Bengal | C22: 22.416006952004224, 87.87078673944328
... A53: KOTA TPS | B53: Rajasthan | C53: 25.173524724796458, 75.81756147513704
A54: KUNDARKI TPS | B54: Uttar Pradesh
A55: LALITPUR TPS | B55: Uttar Pradesh
A56: MAHATMA GANDHI TPS | B56: Haryana
A57: MAQSOODPUR TPS | B57: Uttar Pradesh
A58: MEJA STPP | B58: Uttar Pradesh
A59: OBRA TPS | B59: Uttar Pradesh
A60: PANIPAT TPS | B60: Haryana
A61: PARICHHA TPS | B61: Uttar Pradesh
A62: PRAYAGRAJ TPP | B62: Uttar Pradesh
A63: RAJIV GANDHI TPS | B63: Haryana
A64: RAJPURA TPP | B64: Punjab
A65: RIHAND STPS | B65: Uttar Pradesh
... A192: OPG Power Generation Private Limited | B192: Tamil Nadu
A193: ADANI POWER | B193: Karnataka | C193: ?
A194: LIMITED UDUPI TPP | B194: Karnataka
A195: Maadurga Thermal Power Company Ltd. | B195: Odisha
A196: GHATAMPUR TPP | B196: Uttar Pradesh
A197: TCP Limited | B197: Tamil Nadu
A198: JSW Energy Utkal Limited | B198: Odisha
A199: KHURJA TPP | B199: Uttar Pradesh
A200: PANKI TPS EXT | B200: Uttar Pradesh
A201: YADADRI TPS | B201: Telangana
A202: Vedanta Ltd Chhattisgarh TPP | B202: Chhattisgarh
A203: BUXAR TPP | B203: Bihar
A204: PATRATU STPP | B204: Jharkhand
A205: METTUR TPS-II | B205: Tamil Nadu
... A210: JSW Mahanadi Power Company Limited | B210: Chhattisgarh
